ts_code,trade_date,open,high,low,close,pre_close,change,pct_chg,vol,amount,data_source,ma_short,ma_long,signal,position,daily_ret,strategy_ret,strategy_nav,bh_nav,strategy_dd,bh_dd
000776.SZ,20250707,16.82,17.01,16.79,16.95,,,,312956.0,,tushare_legacy_get_k_data,,,0,0.0,0.0,0.0,1.0,1.0,0.0,0.0
000776.SZ,20250708,16.95,17.09,16.87,17.05,16.95,0.1000000000000014,0.5899705014749347,427708.0,,tushare_legacy_get_k_data,,,0,0.0,0.005899705014749346,0.0,1.0,1.0058997050147493,0.0,0.0
000776.SZ,20250709,17.05,17.41,17.02,17.08,17.05,0.0299999999999975,0.1759530791788714,490301.0,,tushare_legacy_get_k_data,,,0,0.0,0.0017595307917888103,0.0,1.0,1.007669616519174,0.0,0.0
000776.SZ,20250710,16.99,17.4,16.96,17.36,17.08,0.2800000000000011,1.639344262295089,583690.0,,tushare_legacy_get_k_data,,,0,0.0,0.016393442622950838,0.0,1.0,1.024188790560472,0.0,0.0
000776.SZ,20250711,17.43,17.89,17.31,17.59,17.36,0.2300000000000004,1.3248847926267304,898730.0,,tushare_legacy_get_k_data,17.206,,0,0.0,0.013248847926267349,0.0,1.0,1.0377581120943955,0.0,0.0
000776.SZ,20250714,17.65,17.8,17.53,17.67,17.59,0.0800000000000018,0.45480386583287,512737.0,,tushare_legacy_get_k_data,17.35,,0,0.0,0.004548038658328757,0.0,1.0,1.042477876106195,0.0,0.0
000776.SZ,20250715,17.67,17.93,17.57,17.7,17.67,0.0299999999999975,0.1697792869269812,624269.0,,tushare_legacy_get_k_data,17.48,,0,0.0,0.001697792869269854,0.0,1.0,1.0442477876106198,0.0,0.0
000776.SZ,20250716,17.7,17.75,17.35,17.42,17.7,-0.2799999999999976,-1.5819209039547886,443088.0,,tushare_legacy_get_k_data,17.548000000000002,,0,0.0,-0.01581920903954792,-0.0,1.0,1.027728613569322,0.0,0.01581920903954781
000776.SZ,20250717,17.43,17.52,17.31,17.51,17.42,0.0899999999999998,0.5166475315729039,373011.0,,tushare_legacy_get_k_data,17.578,,0,0.0,0.005166475315729002,0.0,1.0,1.0330383480825962,0.0,0.010734463276836137
000776.SZ,20250718,17.51,18.15,17.5,17.98,17.51,0.4699999999999988,2.6841804683038197,848365.0,,tushare_legacy_get_k_data,17.656,,0,0.0,0.026841804683038095,0.0,1.0,1.0607669616519175,0.0,0.0
000776.SZ,20250721,17.9,18.75,17.8,18.6,17.98,0.620000000000001,3.448275862068971,1031203.0,,tushare_legacy_get_k_data,17.842000000000002,,0,0.0,0.034482758620689724,0.0,1.0,1.097345132743363,0.0,0.0
000776.SZ,20250722,18.52,18.76,18.3,18.69,18.6,0.0899999999999998,0.4838709677419347,639320.0,,tushare_legacy_get_k_data,18.040000000000003,,0,0.0,0.004838709677419395,0.0,1.0,1.1026548672566374,0.0,0.0
000776.SZ,20250723,18.68,19.65,18.65,19.44,18.69,0.75,4.012841091492777,1585335.0,,tushare_legacy_get_k_data,18.444,,0,0.0,0.0401284109149278,0.0,1.0,1.146902654867257,0.0,0.0
000776.SZ,20250724,19.25,20.04,19.25,19.97,19.44,0.5299999999999976,2.726337448559658,1272872.0,,tushare_legacy_get_k_data,18.936,,0,0.0,0.02726337448559657,0.0,1.0,1.178171091445428,0.0,0.0
000776.SZ,20250725,19.97,20.0,19.7,19.83,19.97,-0.1400000000000005,-0.701051577366052,748978.0,,tushare_legacy_get_k_data,19.306,18.056,0,0.0,-0.0070105157736605195,-0.0,1.0,1.169911504424779,0.0,0.0070105157736605195
000776.SZ,20250728,19.82,20.3,19.65,19.92,19.83,0.0900000000000034,0.4538577912254333,899959.0,,tushare_legacy_get_k_data,19.57,18.254,0,0.0,0.004538577912254427,0.0,1.0,1.1752212389380536,0.0,0.0025037556334499556
000776.SZ,20250729,19.8,19.9,19.55,19.82,19.92,-0.1000000000000014,-0.5020080321285212,651293.0,,tushare_legacy_get_k_data,19.796,18.438666666666666,0,0.0,-0.005020080321285203,-0.0,1.0,1.1693215339233043,0.0,0.007511266900350311
000776.SZ,20250730,19.8,20.05,19.46,19.66,19.82,-0.1600000000000001,-0.8072653884964689,632896.0,,tushare_legacy_get_k_data,19.84,18.610666666666667,0,0.0,-0.008072653884964698,-0.0,1.0,1.1598820058997055,0.0,0.015523284927390857
000776.SZ,20250731,19.58,19.71,18.95,19.09,19.66,-0.5700000000000003,-2.899287894201426,939463.0,,tushare_legacy_get_k_data,19.663999999999998,18.726,0,0.0,-0.0289928789420143,-0.0,1.0,1.1262536873156346,0.0,0.04406609914872295
000776.SZ,20250801,19.11,19.79,18.95,19.24,19.09,0.1499999999999985,0.7857517024620145,922041.0,,tushare_legacy_get_k_data,19.546,18.836000000000002,0,0.0,0.00785751702462023,0.0,1.0,1.1351032448377585,0.0,0.036554832248372415
000776.SZ,20250804,19.18,19.56,19.17,19.28,19.24,0.0400000000000027,0.2079002079002219,553485.0,,tushare_legacy_get_k_data,19.418,18.943333333333335,0,0.0,0.0020790020790022457,0.0,1.0,1.1374631268436584,0.0,0.03455182774161214
000776.SZ,20250805,19.35,19.65,19.25,19.53,19.28,0.25,1.296680497925311,664556.0,,tushare_legacy_get_k_data,19.360000000000003,19.065333333333335,0,0.0,0.012966804979253066,0.0,1.0,1.1522123893805314,0.0,0.022033049574361363
000776.SZ,20250806,19.53,19.74,19.48,19.61,19.53,0.0799999999999983,0.4096262160778202,478947.0,,tushare_legacy_get_k_data,19.35,19.211333333333336,0,0.0,0.004096262160778297,0.0,1.0,1.156932153392331,0.0,0.018027040560841034
000776.SZ,20250807,19.56,19.79,19.4,19.46,19.61,-0.1499999999999985,-0.7649158592554747,466503.0,,tushare_legacy_get_k_data,19.424,19.341333333333335,0,0.0,-0.007649158592554772,-0.0,1.0,1.148082595870207,0.0,0.025538307461191567
000776.SZ,20250808,19.47,19.75,19.2,19.61,19.46,0.1499999999999985,0.7708119218910512,652662.0,,tushare_legacy_get_k_data,19.497999999999998,19.45,0,0.0,0.00770811921891057,0.0,1.0,1.156932153392331,0.0,0.018027040560841034
000776.SZ,20250811,19.5,19.82,19.5,19.61,19.61,0.0,0.0,531487.0,,tushare_legacy_get_k_data,19.564,19.517333333333333,0,0.0,0.0,0.0,1.0,1.156932153392331,0.0,0.018027040560841034
000776.SZ,20250812,19.7,20.07,19.64,19.99,19.61,0.379999999999999,1.937786843447216,677801.0,,tushare_legacy_get_k_data,19.656,19.604,0,0.0,0.01937786843447209,0.0,1.0,1.179351032448378,0.0,0.0
000776.SZ,20250813,20.12,20.75,19.99,20.44,19.99,0.4500000000000028,2.251125562781405,1046489.0,,tushare_legacy_get_k_data,19.822,19.670666666666666,0,0.0,0.022511255627813975,0.0,1.0,1.2058997050147497,0.0,0.0
000776.SZ,20250814,20.44,21.25,20.36,20.64,20.44,0.1999999999999993,0.9784735812133036,1136197.0,,tushare_legacy_get_k_data,20.058,19.715333333333334,0,0.0,0.009784735812133016,0.0,1.0,1.2176991150442482,0.0,0.0
000776.SZ,20250815,20.59,21.67,20.49,21.18,20.64,0.5399999999999991,2.6162790697674376,1302409.0,,tushare_legacy_get_k_data,20.372,19.805333333333333,0,0.0,0.026162790697674465,0.0,1.0,1.2495575221238944,0.0,0.0
000776.SZ,20250818,21.26,21.27,20.61,20.81,21.18,-0.370000000000001,-1.7469310670443865,1389938.0,,tushare_legacy_get_k_data,20.612000000000002,19.86466666666667,0,0.0,-0.017469310670443883,-0.0,1.0,1.227728613569322,0.0,0.017469310670443883
000776.SZ,20250819,20.6,20.9,20.52,20.61,20.81,-0.1999999999999993,-0.9610764055742398,573379.0,,tushare_legacy_get_k_data,20.735999999999997,19.917333333333332,0,0.0,-0.009610764055742349,-0.0,1.0,1.2159292035398235,0.0,0.026912181303116234
000776.SZ,20250820,20.5,20.97,20.41,20.91,20.61,0.3000000000000007,1.4556040756914157,611366.0,,tushare_legacy_get_k_data,20.83,20.000666666666667,0,0.0,0.01455604075691408,0.0,1.0,1.2336283185840713,0.0,0.012747875354107707
000776.SZ,20250821,21.13,21.18,20.67,20.8,20.91,-0.1099999999999994,-0.5260640841702507,589168.0,,tushare_legacy_get_k_data,20.862000000000002,20.11466666666667,0,0.0,-0.005260640841702524,-0.0,1.0,1.227138643067847,0.0,0.01794145420207749
000776.SZ,20250822,20.75,22.4,20.71,22.32,20.8,1.5199999999999996,7.307692307692306,1402882.0,,tushare_legacy_get_k_data,21.09,20.32,0,0.0,0.07307692307692304,0.0,1.0,1.3168141592920357,0.0,0.0
000776.SZ,20250825,22.4,22.45,21.76,22.2,22.32,-0.120000000000001,-0.5376344086021551,1126936.0,,tushare_legacy_get_k_data,21.368000000000002,20.514666666666663,0,0.0,-0.005376344086021501,-0.0,1.0,1.3097345132743365,0.0,0.005376344086021501
000776.SZ,20250826,22.01,22.09,21.76,21.88,22.2,-0.3200000000000003,-1.441441441441443,625916.0,,tushare_legacy_get_k_data,21.622,20.671333333333333,0,0.0,-0.014414414414414378,-0.0,1.0,1.290855457227139,0.0,0.01971326164874554
000776.SZ,20250827,21.88,21.96,21.07,21.09,21.88,-0.7899999999999991,-3.6106032906764134,928491.0,,tushare_legacy_get_k_data,21.658,20.77,0,0.0,-0.036106032906764174,-0.0,1.0,1.2442477876106197,0.0,0.05510752688172049
000776.SZ,20250828,20.99,21.71,20.97,21.65,21.09,0.5599999999999987,2.6552868658131756,748945.0,,tushare_legacy_get_k_data,21.828,20.916,0,0.0,0.02655286865813178,0.0,1.0,1.2772861356932155,0.0,0.030017921146953563
000776.SZ,20250829,21.71,22.03,21.57,21.78,21.65,0.1300000000000025,0.600461893764446,839434.0,,tushare_legacy_get_k_data,21.72,21.06066666666667,0,0.0,0.006004618937644368,0.0,1.0,1.2849557522123896,0.0,0.024193548387096864
000776.SZ,20250901,21.89,21.94,21.54,21.57,21.78,-0.2100000000000008,-0.9641873278236952,681238.0,,tushare_legacy_get_k_data,21.594,21.191333333333333,0,0.0,-0.009641873278236957,-0.0,1.0,1.272566371681416,0.0,0.0336021505376346
000776.SZ,20250902,21.62,21.75,21.02,21.21,21.57,-0.3599999999999994,-1.6689847009735717,617224.0,,tushare_legacy_get_k_data,21.46,21.272666666666666,0,0.0,-0.016689847009735748,-0.0,1.0,1.2513274336283187,0.0,0.0497311827956991
000776.SZ,20250903,21.22,21.36,20.38,20.53,21.21,-0.6799999999999997,-3.2060348892032047,709934.0,,tushare_legacy_get_k_data,21.348,21.278666666666666,0,0.0,-0.03206034889203202,-0.0,1.0,1.2112094395280237,0.0,0.08019713261648753
000776.SZ,20250904,20.53,20.68,19.96,20.24,20.53,-0.2900000000000027,-1.412566975158318,663880.0,,tushare_legacy_get_k_data,21.066000000000003,21.252,-1,0.0,-0.014125669751583136,-0.0,1.0,1.1941002949852508,0.0,0.0931899641577062
000776.SZ,20250905,20.31,20.55,20.08,20.49,20.24,0.25,1.2351778656126484,522401.0,,tushare_legacy_get_k_data,20.808,21.206,0,0.0,0.012351778656126466,0.0,1.0,1.2088495575221239,0.0,0.08198924731182822
000776.SZ,20250908,20.53,20.63,20.05,20.26,20.49,-0.2299999999999968,-1.1224987798926154,600814.0,,tushare_legacy_get_k_data,20.546,21.16933333333333,0,0.0,-0.011224987798926112,-0.0,1.0,1.1952802359882009,0.0,0.0922939068100358
000776.SZ,20250909,20.19,20.79,20.12,20.49,20.26,0.2299999999999968,1.1352418558736272,554257.0,,tushare_legacy_get_k_data,20.402,21.16133333333333,0,0.0,0.011352418558736366,0.0,1.0,1.208849557522124,0.0,0.081989247311828
000776.SZ,20250910,20.46,20.77,20.36,20.43,20.49,-0.0599999999999987,-0.2928257686676365,381830.0,,tushare_legacy_get_k_data,20.381999999999998,21.12933333333333,0,0.0,-0.002928257686676372,-0.0,1.0,1.2053097345132746,0.0,0.08467741935483875
000776.SZ,20250911,20.38,21.12,20.33,21.05,20.43,0.620000000000001,3.034752814488502,707365.0,,tushare_legacy_get_k_data,20.544,21.146,0,0.0,0.03034752814488506,0.0,1.0,1.24188790560472,0.0,0.056899641577060955
000776.SZ,20250912,21.03,21.33,20.86,20.96,21.05,-0.0899999999999998,-0.4275534441805218,503989.0,,tushare_legacy_get_k_data,20.637999999999998,21.055333333333333,0,0.0,-0.004275534441805173,-0.0,1.0,1.2365781710914459,0.0,0.06093189964157697
000776.SZ,20250915,20.95,21.51,20.81,21.13,20.96,0.1699999999999981,0.8110687022900674,580467.0,,tushare_legacy_get_k_data,20.812,20.983999999999998,0,0.0,0.008110687022900631,0.0,1.0,1.2466076696165194,0.0,0.05331541218638003
000776.SZ,20250916,21.12,21.24,20.67,21.0,21.13,-0.129999999999999,-0.61523899668717,440179.0,,tushare_legacy_get_k_data,20.913999999999998,20.925333333333334,0,0.0,-0.00615238996687173,-0.0,1.0,1.2389380530973453,0.0,0.05913978494623662
000776.SZ,20250917,21.1,21.25,20.84,21.1,21.0,0.1000000000000014,0.476190476190483,471727.0,,tushare_legacy_get_k_data,21.048000000000002,20.926,1,0.0,0.004761904761904745,0.0,1.0,1.2448377581120946,0.0,0.054659498207885404
000776.SZ,20250918,20.98,21.1,19.92,20.28,21.1,-0.8200000000000003,-3.8862559241706176,1006249.0,,tushare_legacy_get_k_data,20.894,20.834666666666667,0,1.0,-0.03886255924170612,-0.03886255924170612,0.9611374407582939,1.1964601769911507,0.03886255924170612,0.09139784946236562
000776.SZ,20250919,20.13,20.35,20.02,20.15,20.28,-0.1300000000000025,-0.6410256410256536,409982.0,,tushare_legacy_get_k_data,20.732,20.726,0,1.0,-0.0064102564102564985,-0.0064102564102564985,0.9549763033175355,1.1887905604719766,0.04502369668246453,0.09722222222222232
000776.SZ,20250922,20.14,20.51,20.11,20.5,20.15,0.3500000000000014,1.7369727047146473,354302.0,,tushare_legacy_get_k_data,20.606,20.654666666666667,-1,1.0,0.017369727047146455,0.017369727047146455,0.971563981042654,1.209439528023599,0.028436018957346043,0.08154121863799291
000776.SZ,20250923,20.38,20.68,20.11,20.39,20.5,-0.1099999999999994,-0.5365853658536558,411614.0,,tushare_legacy_get_k_data,20.484,20.6,0,0.0,-0.00536585365853659,-0.0,0.971563981042654,1.2029498525073747,0.028436018957346043,0.08646953405017932
000776.SZ,20250924,20.31,20.66,20.25,20.58,20.39,0.1899999999999977,0.9318293281019996,372293.0,,tushare_legacy_get_k_data,20.38,20.60333333333333,0,0.0,0.009318293281020074,0.0,0.971563981042654,1.2141592920353983,0.028436018957346043,0.07795698924731198
000776.SZ,20250925,20.48,20.97,20.41,20.82,20.58,0.240000000000002,1.1661807580175023,438271.0,,tushare_legacy_get_k_data,20.488,20.642,0,0.0,0.011661807580175099,0.0,0.971563981042654,1.2283185840707966,0.028436018957346043,0.06720430107526887
000776.SZ,20250926,20.71,21.01,20.6,20.76,20.82,-0.0599999999999987,-0.2881844380403396,343020.0,,tushare_legacy_get_k_data,20.610000000000003,20.660000000000004,0,0.0,-0.0028818443804033977,-0.0,0.971563981042654,1.2247787610619472,0.028436018957346043,0.06989247311827962
000776.SZ,20250929,20.71,22.85,20.68,22.85,20.76,2.09,10.067437379576107,2007565.0,,tushare_legacy_get_k_data,21.080000000000002,20.832666666666668,1,0.0,0.10067437379576116,0.0,0.971563981042654,1.348082595870207,0.028436018957346043,0.0
000776.SZ,20250930,22.85,22.96,22.1,22.18,22.85,-0.6700000000000017,-2.9321663019693727,1670990.0,,tushare_legacy_get_k_data,21.438,20.945333333333334,0,1.0,-0.029321663019693744,-0.029321663019693744,0.9430761093884491,1.3085545722713867,0.0569238906115509,0.029321663019693744
000776.SZ,20251009,22.12,23.44,21.7,23.09,22.18,0.91,4.102795311091074,1714165.0,,tushare_legacy_get_k_data,21.94,21.122666666666667,0,1.0,0.041027953110910786,0.041027953110910786,0.9817685917844585,1.362241887905605,0.018231408215541478,0.0
000776.SZ,20251010,22.95,24.55,22.86,23.95,23.09,0.8599999999999994,3.7245560848852297,1634380.0,,tushare_legacy_get_k_data,22.566,21.316,0,1.0,0.03724556084885222,0.03724556084885222,1.0183351136092584,1.4129793510324486,0.0,0.0
000776.SZ,20251013,23.22,23.9,22.48,23.13,23.95,-0.8200000000000003,-3.4237995824634666,1578988.0,,tushare_legacy_get_k_data,23.04,21.46066666666667,0,1.0,-0.034237995824634715,-0.034237995824634715,0.9834693602414257,1.3646017699115045,0.034237995824634715,0.034237995824634826
000776.SZ,20251014,23.19,24.25,22.91,23.22,23.13,0.0899999999999998,0.3891050583657581,1521727.0,,tushare_legacy_get_k_data,23.113999999999997,21.6,0,1.0,0.0038910505836575737,0.0038910505836575737,0.9872960892696024,1.3699115044247787,0.030480167014613868,0.03048016701461398
000776.SZ,20251015,23.58,24.5,22.91,24.43,23.22,1.2100000000000009,5.211024978466843,1854319.0,,tushare_legacy_get_k_data,23.564,21.828666666666667,0,1.0,0.05211024978466838,0.05211024978466838,1.0387443350928678,1.4412979351032449,0.0,0.0
000776.SZ,20251016,23.9,24.32,23.65,24.18,24.43,-0.25,-1.023331968890708,1389859.0,,tushare_legacy_get_k_data,23.782,22.034,0,1.0,-0.010233319688907061,-0.010233319688907061,1.0281145322368213,1.4265486725663719,0.010233319688907061,0.01023331968890695
000776.SZ,20251017,24.16,24.4,23.12,23.27,24.18,-0.91,-3.7634408602150544,1208233.0,,tushare_legacy_get_k_data,23.645999999999997,22.233333333333334,0,1.0,-0.037634408602150504,-0.037634408602150504,0.9894220498408118,1.3728613569321535,0.047482603356528874,0.04748260335652876
000776.SZ,20251020,23.45,23.68,22.55,22.62,23.27,-0.6499999999999986,-2.7932960893854686,1214430.0,,tushare_legacy_get_k_data,23.544,22.398,0,1.0,-0.027932960893854664,-0.027932960893854664,0.9617845624150909,1.3345132743362833,0.07408923454768723,0.07408923454768723
000776.SZ,20251021,22.66,23.02,22.44,22.78,22.62,0.1600000000000001,0.7073386383731217,1166854.0,,tushare_legacy_get_k_data,23.456,22.55,0,1.0,0.007073386383731117,0.007073386383731117,0.9685876362429606,1.343952802359882,0.06753990994678671,0.06753990994678682
000776.SZ,20251022,22.51,22.68,22.18,22.33,22.78,-0.4500000000000028,-1.975417032484648,756133.0,,tushare_legacy_get_k_data,23.035999999999998,22.679333333333332,0,1.0,-0.0197541703248465,-0.0197541703248465,0.9494539911020767,1.31740412979351,0.08595988538681965,0.08595988538681976
000776.SZ,20251023,22.34,22.8,22.19,22.68,22.33,0.3500000000000014,1.5673981191222637,708738.0,,tushare_legacy_get_k_data,22.736,22.819333333333336,-1,1.0,0.01567398119122254,0.01567398119122254,0.9643357151005418,1.3380530973451323,0.07163323782234976,0.07163323782234987
000776.SZ,20251024,22.6,22.96,22.52,22.96,22.68,0.2800000000000011,1.234567901234573,830150.0,,tushare_legacy_get_k_data,22.674,22.962,0,0.0,0.012345679012345734,0.0,0.9643357151005418,1.3545722713864303,0.07163323782234976,0.06017191977077396
000776.SZ,20251027,23.21,23.75,22.88,23.41,22.96,0.4499999999999993,1.9599303135888468,1243388.0,,tushare_legacy_get_k_data,22.832,23.138666666666666,0,0.0,0.019599303135888535,0.0,0.9643357151005418,1.381120943952802,0.07163323782234976,0.04175194433074114
000776.SZ,20251028,23.15,23.34,22.88,22.98,23.41,-0.4299999999999997,-1.8368218709952997,796345.0,,tushare_legacy_get_k_data,22.872,23.147333333333336,0,0.0,-0.018368218709952977,-0.0,0.9643357151005418,1.3557522123893804,0.07163323782234976,0.059353254195661176
000776.SZ,20251029,22.9,24.1,22.88,23.92,22.98,0.9400000000000012,4.090513489991302,1225789.0,,tushare_legacy_get_k_data,23.19,23.263333333333332,0,0.0,0.04090513489991299,0.0,0.9643357151005418,1.4112094395280235,0.07163323782234976,0.020875972165370515
000776.SZ,20251030,23.92,24.0,23.5,23.55,23.92,-0.370000000000001,-1.5468227424749204,811281.0,,tushare_legacy_get_k_data,23.363999999999997,23.293999999999997,1,0.0,-0.015468227424749181,-0.0,0.9643357151005418,1.3893805309734513,0.07163323782234976,0.036021285304952966
000776.SZ,20251031,23.66,23.7,22.56,22.57,23.55,-0.9800000000000004,-4.161358811040341,1223770.0,,tushare_legacy_get_k_data,23.286,23.201999999999998,0,1.0,-0.04161358811040339,-0.04161358811040339,0.9242062458521966,1.3315634218289085,0.11026590987899931,0.07613589848546876
000776.SZ,20251103,22.53,22.57,21.93,22.42,22.57,-0.1499999999999985,-0.6645990252547567,744258.0,,tushare_legacy_get_k_data,23.088,23.154666666666667,-1,1.0,-0.006645990252547529,-0.006645990252547529,0.9180639801509193,1.3227138643067848,0.11617907396930272,0.08227589029881288
000776.SZ,20251104,22.42,22.47,22.13,22.23,22.42,-0.1900000000000012,-0.8474576271186498,451961.0,,tushare_legacy_get_k_data,22.938000000000002,23.08866666666667,0,0.0,-0.008474576271186529,-0.0,0.9180639801509193,1.311504424778761,0.11617907396930272,0.09005321326238236
000776.SZ,20251105,22.04,22.34,21.97,22.22,22.23,-0.0100000000000015,-0.0449842555105783,383786.0,,tushare_legacy_get_k_data,22.598000000000003,22.941333333333333,0,0.0,-0.00044984255510582827,-0.0,0.9180639801509193,1.310914454277286,0.11617907396930272,0.09046254604993875
000776.SZ,20251106,22.34,23.38,22.3,23.15,22.22,0.9299999999999996,4.185418541854184,1215562.0,,tushare_legacy_get_k_data,22.517999999999997,22.872666666666667,0,0.0,0.04185418541854191,0.0,0.9180639801509193,1.365781710914454,0.11617907396930272,0.052394596807204374
000776.SZ,20251107,23.0,23.04,22.71,22.75,23.15,-0.3999999999999986,-1.7278617710583093,509922.0,,tushare_legacy_get_k_data,22.554,22.838000000000005,0,0.0,-0.017278617710583144,-0.0,0.9180639801509193,1.3421828908554572,0.11617907396930272,0.06876790830945567
000776.SZ,20251110,22.71,23.83,22.56,23.6,22.75,0.8500000000000014,3.7362637362637425,980462.0,,tushare_legacy_get_k_data,22.79,22.903333333333332,0,0.0,0.03736263736263745,0.0,0.9180639801509193,1.392330383480826,0.11617907396930272,0.03397462136717144
000776.SZ,20251111,23.44,23.65,23.05,23.14,23.6,-0.4600000000000008,-1.949152542372885,557968.0,,tushare_legacy_get_k_data,22.972,22.92733333333333,1,0.0,-0.019491525423728895,-0.0,0.9180639801509193,1.3651917404129794,0.11617907396930272,0.052803929594760546
000776.SZ,20251112,23.01,23.36,22.85,23.05,23.14,-0.0899999999999998,-0.3889369057908377,526842.0,,tushare_legacy_get_k_data,23.137999999999998,22.97533333333333,0,1.0,-0.003889369057908376,-0.003889369057908376,0.91449329051334,1.359882005899705,0.11961657973173856,0.0564879246827672
000776.SZ,20251113,23.0,23.58,22.97,23.47,23.05,0.4199999999999981,1.822125813449016,625108.0,,tushare_legacy_get_k_data,23.202,23.028000000000002,0,1.0,0.018221258134490048,0.018221258134490048,0.9311565088220428,1.3846607669616515,0.10357488617370525,0.03929594760540345
000776.SZ,20251114,23.2,23.35,22.81,22.85,23.47,-0.6199999999999974,-2.6416702172986684,554490.0,,tushare_legacy_get_k_data,23.222,23.020666666666667,0,1.0,-0.02641670217298664,-0.02641670217298664,0.9065584246520529,1.3480825958702063,0.12725548142604015,0.06467458043389296
000776.SZ,20251117,22.78,22.8,22.33,22.43,22.85,-0.4200000000000017,-1.8380743982494605,460447.0,,tushare_legacy_get_k_data,22.988,22.955333333333332,0,1.0,-0.018380743982494563,-0.018380743982494563,0.88989520634335,1.3233038348082593,0.14329717498407357,0.08186655751125693
000776.SZ,20251118,22.38,23.07,22.34,22.66,22.43,0.2300000000000004,1.0254123941150264,542285.0,,tushare_legacy_get_k_data,22.892,22.934,-1,1.0,0.010254123941150217,0.010254123941150217,0.8990203020838301,1.3368731563421825,0.13451243803562674,0.07245190339746244
000776.SZ,20251119,22.56,22.97,22.53,22.76,22.66,0.1000000000000014,0.4413062665489913,351079.0,,tushare_legacy_get_k_data,22.834,22.85666666666667,0,0.0,0.0044130626654899086,0.0,0.8990203020838301,1.3427728613569319,0.13451243803562674,0.0683585755218995
000776.SZ,20251120,23.29,23.35,22.1,22.1,22.76,-0.6600000000000001,-2.899824253075572,659503.0,,tushare_legacy_get_k_data,22.560000000000002,22.76,0,0.0,-0.02899824253075567,-0.0,0.8990203020838301,1.3038348082595868,0.13451243803562674,0.09537453950061425
000776.SZ,20251121,21.87,22.08,21.08,21.1,22.1,-1.0,-4.524886877828054,724945.0,,tushare_legacy_get_k_data,22.21,22.662,0,0.0,-0.04524886877828049,-0.0,0.8990203020838301,1.2448377581120942,0.13451243803562674,0.1363078182562425
000776.SZ,20251124,21.2,21.39,20.88,21.16,21.1,0.0599999999999987,0.2843601895734536,426010.0,,tushare_legacy_get_k_data,21.956,22.578,0,0.0,0.0028436018957345155,0.0,0.8990203020838301,1.2483775811209437,0.13451243803562674,0.1338518215309049
000776.SZ,20251125,21.2,21.29,20.91,20.98,21.16,-0.1799999999999997,-0.8506616257088833,531444.0,,tushare_legacy_get_k_data,21.62,22.494666666666664,0,0.0,-0.008506616257088817,-0.0,0.8990203020838301,1.237758112094395,0.13451243803562674,0.14121981170691789
000776.SZ,20251126,20.97,21.36,20.92,21.09,20.98,0.1099999999999994,0.5243088655862699,436173.0,,tushare_legacy_get_k_data,21.286,22.419333333333334,0,0.0,0.00524308865586276,0.0,0.8990203020838301,1.2442477876106193,0.13451243803562674,0.13671715104379878
000776.SZ,20251127,21.02,21.38,21.0,21.08,21.09,-0.0100000000000015,-0.0474158368895285,296802.0,,tushare_legacy_get_k_data,21.082,22.281333333333333,0,0.0,-0.0004741583688953055,-0.0,0.8990203020838301,1.2436578171091441,0.13451243803562674,0.13712648383135517
000776.SZ,20251128,21.01,21.2,20.89,21.14,21.08,0.0600000000000022,0.2846299810246787,319893.0,,tushare_legacy_get_k_data,21.09,22.173999999999996,0,0.0,0.002846299810246755,0.0,0.8990203020838301,1.2471976401179938,0.13451243803562674,0.13467048710601737
000776.SZ,20251201,21.06,21.23,20.99,21.16,21.14,0.0199999999999995,0.0946073793755892,390043.0,,tushare_legacy_get_k_data,21.09,22.011333333333333,0,0.0,0.0009460737937558861,0.0,0.8990203020838301,1.2483775811209437,0.13451243803562674,0.1338518215309049
000776.SZ,20251202,21.15,21.15,20.77,20.9,21.16,-0.2600000000000015,-1.2287334593572852,418229.0,,tushare_legacy_get_k_data,21.074,21.862000000000002,0,0.0,-0.012287334593572896,-0.0,0.8990203020838301,1.2330383480825955,0.13451243803562674,0.14449447400736826
000776.SZ,20251203,21.25,21.25,20.75,20.86,20.9,-0.0399999999999991,-0.1913875598086083,370803.0,,tushare_legacy_get_k_data,21.028,21.716,0,0.0,-0.00191387559808609,-0.0,0.8990203020838301,1.2306784660766958,0.13451243803562674,0.1461318051575934
000776.SZ,20251204,20.77,21.05,20.76,20.95,20.86,0.0899999999999998,0.4314477468839878,253747.0,,tushare_legacy_get_k_data,21.002,21.548,0,0.0,0.00431447746883995,0.0,0.8990203020838301,1.2359882005899703,0.13451243803562674,0.14244781006958673
000776.SZ,20251205,20.89,21.6,20.83,21.29,20.95,0.3399999999999998,1.6229116945107394,630412.0,,tushare_legacy_get_k_data,21.032,21.444000000000003,0,0.0,0.016229116945107425,0.0,0.8990203020838301,1.2560471976401177,0.13451243803562674,0.12853049529267313
000776.SZ,20251208,21.69,22.18,21.6,21.71,21.29,0.4200000000000017,1.972757162987326,887818.0,,tushare_legacy_get_k_data,21.142,21.396,0,0.0,0.019727571629873264,0.0,0.8990203020838301,1.2808259587020647,0.13451243803562674,0.11133851821530916
000776.SZ,20251209,21.56,21.66,21.05,21.16,21.71,-0.5500000000000007,-2.533394748963614,585379.0,,tushare_legacy_get_k_data,21.194,21.296,0,0.0,-0.025333947489636133,-0.0,0.8990203020838301,1.2483775811209437,0.13451243803562674,0.1338518215309049
000776.SZ,20251210,21.05,21.14,20.81,21.01,21.16,-0.1499999999999985,-0.7088846880907305,427247.0,,tushare_legacy_get_k_data,21.223999999999997,21.179333333333332,1,0.0,-0.0070888468809072736,-0.0,0.8990203020838301,1.23952802359882,0.13451243803562674,0.13999181334424893
000776.SZ,20251211,21.02,21.05,20.61,20.61,21.01,-0.4000000000000021,-1.9038553069966784,357765.0,,tushare_legacy_get_k_data,21.156,21.08,0,1.0,-0.019038553069966824,-0.019038553069966824,0.8819042563516295,1.2159292035398228,0.1509900689154816,0.15636512484650034
000776.SZ,20251212,20.62,21.03,20.58,20.95,20.61,0.3399999999999998,1.649684619116933,455381.0,,tushare_legacy_get_k_data,21.088,21.07,0,1.0,0.016496846191169423,0.016496846191169423,0.896452895224,1.2359882005899705,0.1369840826676051,0.14244781006958662
000776.SZ,20251215,20.78,21.68,20.72,21.34,20.95,0.3900000000000005,1.861575178997616,643514.0,,tushare_legacy_get_k_data,21.014000000000003,21.081999999999997,-1,1.0,0.018615751789976098,0.018615751789976098,0.9131410398128954,1.2589970501474925,0.12091839255974668,0.1264838313548916
000776.SZ,20251216,21.2,21.47,21.18,21.18,21.34,-0.1600000000000001,-0.7497656982193072,357930.0,,tushare_legacy_get_k_data,21.017999999999997,21.095333333333333,0,0.0,-0.007497656982193068,-0.0,0.9131410398128954,1.2495575221238937,0.12091839255974668,0.13303315595579213
000776.SZ,20251217,21.21,22.35,21.17,21.83,21.18,0.6499999999999986,3.0689329556185014,990936.0,,tushare_legacy_get_k_data,21.182,21.14466666666667,1,0.0,0.030689329556184974,0.0,0.9131410398128954,1.2879056047197637,0.12091839255974668,0.10642652476463388
000776.SZ,20251218,21.73,21.89,21.47,21.62,21.83,-0.2099999999999973,-0.9619789280806108,496575.0,,tushare_legacy_get_k_data,21.384,21.18066666666667,0,1.0,-0.00961978928080609,-0.00961978928080609,0.9043568154262391,1.2755162241887905,0.12937497238395423,0.1150225133033157
000776.SZ,20251219,21.61,21.86,21.47,21.65,21.62,0.0299999999999975,0.1387604070305161,446908.0,,tushare_legacy_get_k_data,21.524,21.21466666666667,0,1.0,0.0013876040703051373,0.0013876040703051373,0.9056117046243328,1.277286135693215,0.12816688955192457,0.11379451494064696
000776.SZ,20251222,21.6,21.76,21.56,21.6,21.65,-0.0499999999999971,-0.2309468822170769,299846.0,,tushare_legacy_get_k_data,21.576,21.243999999999996,0,1.0,-0.002309468822170757,-0.002309468822170757,0.90352022262751,1.2743362831858407,0.1301803609386406,0.11584117887842815
000776.SZ,20251223,21.61,22.26,21.48,21.91,21.6,0.3099999999999987,1.4351851851851791,714685.0,,tushare_legacy_get_k_data,21.722,21.311333333333334,0,1.0,0.014351851851851727,0.014351851851851727,0.9164874110078121,1.2926253687315632,0.11769683834100086,0.10315186246418362
000776.SZ,20251224,21.88,22.13,21.82,22.1,21.91,0.1900000000000012,0.8671839342765919,425565.0,,tushare_legacy_get_k_data,21.776000000000003,21.394000000000002,0,1.0,0.00867183934276583,0.00867183934276583,0.9244350425957392,1.3038348082595868,0.11004564707147979,0.09537453950061425
000776.SZ,20251225,22.03,22.2,21.98,22.0,22.1,-0.1000000000000014,-0.4524886877828118,349671.0,,tushare_legacy_get_k_data,21.852,21.464000000000002,0,1.0,-0.004524886877828149,-0.004524886877828149,0.9202520786020932,1.2979351032448374,0.11407258984491198,0.09946786737617708
000776.SZ,20251226,22.0,22.56,21.95,22.2,22.0,0.1999999999999993,0.909090909090906,633532.0,,tushare_legacy_get_k_data,21.962,21.52466666666667,0,1.0,0.009090909090909038,0.009090909090909038,0.928618006589385,1.3097345132743359,0.1060187042980476,0.09128121162505143
000776.SZ,20251229,22.15,22.23,21.91,21.94,22.2,-0.259999999999998,-1.1711711711711623,383837.0,,tushare_legacy_get_k_data,22.03,21.540000000000003,0,1.0,-0.011711711711711592,-0.011711711711711592,0.9177423002059059,1.294395280235988,0.1164887555089712,0.10192386410151477
000776.SZ,20251230,21.89,22.2,21.85,21.96,21.94,0.0199999999999995,0.0911577028258868,395812.0,,tushare_legacy_get_k_data,22.04,21.59333333333333,0,1.0,0.0009115770282588365,0.0009115770282588365,0.918578893004635,1.2955752212389378,0.11568336695428472,0.1011051985264022
000776.SZ,20251231,21.92,22.48,21.92,22.02,21.96,0.0599999999999987,0.2732240437158411,464152.0,,tushare_legacy_get_k_data,22.024,21.660666666666668,0,1.0,0.002732240437158362,0.002732240437158362,0.9210886714008224,1.2991150442477872,0.1132672012902256,0.09864920180106451
000776.SZ,20260105,22.08,23.06,22.08,22.87,22.02,0.8500000000000014,3.860127157129888,975154.0,,tushare_legacy_get_k_data,22.198,21.811333333333334,0,1.0,0.03860127157129889,0.03860127157129889,0.9566438653468124,1.3492625368731561,0.07903818771605164,0.0638559148587804
000776.SZ,20260106,22.73,24.1,22.73,23.78,22.87,0.91,3.979011805859205,1121459.0,,tushare_legacy_get_k_data,22.514,22.0,0,1.0,0.039790118058592006,0.039790118058592006,0.9947088376889899,1.4029498525073743,0.04239300847781857,0.02660663119115869
000776.SZ,20260107,23.79,23.8,22.95,23.16,23.78,-0.620000000000001,-2.607232968881417,848717.0,,tushare_legacy_get_k_data,22.758,22.121333333333336,0,1.0,-0.026072329688814122,-0.026072329688814122,0.9687744609283855,1.3663716814159288,0.06736005367309827,0.051985264019648314
000776.SZ,20260108,22.88,22.88,22.11,22.26,23.16,-0.8999999999999986,-3.8860103626942943,1295057.0,,tushare_legacy_get_k_data,22.818,22.193333333333335,0,1.0,-0.03886010362694292,-0.03886010362694292,0.9311277849855727,1.3132743362831856,0.10360253863398805,0.08882521489971373
000776.SZ,20260109,22.23,22.44,22.1,22.31,22.26,0.0499999999999971,0.2246181491464382,747853.0,,tushare_legacy_get_k_data,22.875999999999998,22.22533333333333,0,1.0,0.002246181491464272,0.002246181491464272,0.9332192669823954,1.31622418879056,0.10158906724727212,0.08677855096193243
000776.SZ,20260112,22.31,22.74,22.15,22.71,22.31,0.4000000000000021,1.792917974002699,979913.0,,tushare_legacy_get_k_data,22.844,22.298,0,1.0,0.017929179740026946,0.017929179740026946,0.949951122956979,1.339823008849557,0.08548129615354316,0.07040523945968102
000776.SZ,20260113,22.75,23.48,22.63,22.86,22.71,0.1499999999999985,0.6605019815059382,970760.0,,tushare_legacy_get_k_data,22.660000000000004,22.378666666666668,0,1.0,0.006605019815059343,0.006605019815059343,0.9562255689474477,1.3486725663716808,0.07944088199339505,0.06426524764633701
000776.SZ,20260114,22.83,23.32,22.42,22.49,22.86,-0.370000000000001,-1.618547681539812,1060952.0,,tushare_legacy_get_k_data,22.526000000000003,22.438000000000002,0,1.0,-0.01618547681539817,-0.01618547681539817,0.9407486021709579,1.3268436578171083,0.09434057025509424,0.07941056078591957
000776.SZ,20260115,22.4,22.89,22.38,22.55,22.49,0.0600000000000022,0.2667852378835139,669078.0,,tushare_legacy_get_k_data,22.584,22.480666666666668,0,1.0,0.002667852378835045,0.002667852378835045,0.9432583805671454,1.3303834808259578,0.09192440459103501,0.07695456406058188
000776.SZ,20260116,22.65,22.88,22.35,22.56,22.55,0.009999999999998,0.0443458980044257,557020.0,,tushare_legacy_get_k_data,22.634,22.51133333333333,0,1.0,0.0004434589800441646,0.0004434589800441646,0.9436766769665098,1.3309734513274325,0.09152171031369194,0.07654523127302582
000776.SZ,20260119,22.4,22.49,22.16,22.43,22.56,-0.129999999999999,-0.5762411347517686,498568.0,,tushare_legacy_get_k_data,22.578,22.54,0,1.0,-0.005762411347517649,-0.005762411347517649,0.9382388237747702,1.3233038348082586,0.09675673591915379,0.08186655751125738
000776.SZ,20260120,22.38,22.92,22.35,22.77,22.43,0.3399999999999998,1.5158270173874269,588823.0,,tushare_legacy_get_k_data,22.560000000000002,22.578,-1,1.0,0.015158270173874167,0.015158270173874167,0.9524609013531661,1.3433628318584059,0.08306513048948438,0.06794924273434388
000776.SZ,20260121,22.66,22.86,22.47,22.57,22.77,-0.1999999999999993,-0.8783487044356578,504191.0,,tushare_legacy_get_k_data,22.576,22.62,0,0.0,-0.008783487044356608,-0.0,0.9524609013531661,1.3315634218289074,0.08306513048948438,0.07613589848546953
000776.SZ,20260122,22.56,22.9,22.49,22.59,22.57,0.0199999999999995,0.0886132033672998,445482.0,,tushare_legacy_get_k_data,22.584,22.662,0,0.0,0.0008861320336730483,0.0,0.9524609013531661,1.3327433628318572,0.08306513048948438,0.07531723291035697
000776.SZ,20260123,22.7,22.74,22.25,22.31,22.59,-0.2800000000000011,-1.239486498450647,580612.0,,tushare_legacy_get_k_data,22.534,22.68133333333333,0,0.0,-0.012394864984506482,-0.0,0.9524609013531661,1.3162241887905592,0.08306513048948438,0.08677855096193299
000776.SZ,20260126,22.22,22.95,22.19,22.71,22.31,0.4000000000000021,1.792917974002699,901796.0,,tushare_legacy_get_k_data,22.59,22.670666666666662,0,0.0,0.017929179740026946,0.0,0.9524609013531661,1.3398230088495564,0.08306513048948438,0.07040523945968158
000776.SZ,20260127,22.66,22.83,22.32,22.51,22.71,-0.1999999999999993,-0.8806693086745896,521677.0,,tushare_legacy_get_k_data,22.538000000000004,22.586000000000002,0,0.0,-0.008806693086745865,-0.0,0.9524609013531661,1.328023598820058,0.08306513048948438,0.07859189521080712
000776.SZ,20260128,22.5,22.92,22.47,22.57,22.51,0.0599999999999987,0.2665482007996389,670270.0,,tushare_legacy_get_k_data,22.538,22.546666666666667,0,0.0,0.0026654820079963226,0.0,0.9524609013531661,1.3315634218289074,0.08306513048948438,0.07613589848546953
000776.SZ,20260129,22.51,23.03,22.22,22.91,22.57,0.3399999999999998,1.5064244572441288,978413.0,,tushare_legacy_get_k_data,22.601999999999997,22.589999999999996,1,0.0,0.015064244572441376,0.0,0.9524609013531661,1.351622418879055,0.08306513048948438,0.06221858370855571
000776.SZ,20260130,22.82,23.1,22.39,22.49,22.91,-0.4200000000000017,-1.833260584897432,665366.0,,tushare_legacy_get_k_data,22.637999999999998,22.601999999999997,0,1.0,-0.018332605848974337,-0.018332605848974337,0.9349998110620996,1.3268436578171081,0.09987493604140141,0.07941056078591968
000776.SZ,20260202,22.35,22.66,21.66,21.72,22.49,-0.7699999999999996,-3.4237438861716303,855141.0,,tushare_legacy_get_k_data,22.44,22.536,-1,1.0,-0.03423743886171626,-0.03423743886171626,0.9029878121951447,1.281415929203539,0.13069291288658236,0.11092918542775343
000776.SZ,20260203,21.8,21.86,21.1,21.43,21.72,-0.2899999999999991,-1.3351749539594804,741527.0,,tushare_legacy_get_k_data,22.223999999999997,22.44066666666667,0,0.0,-0.013351749539594837,-0.0,0.9029878121951447,1.264306784660766,0.13069291288658236,0.12279983626688562
000776.SZ,20260204,21.3,21.68,21.22,21.62,21.43,0.1900000000000012,0.8866075594960396,386302.0,,tushare_legacy_get_k_data,22.034,22.38266666666667,0,0.0,0.008866075594960332,0.0,0.9029878121951447,1.2755162241887896,0.13069291288658236,0.11502251330331625
000776.SZ,20260205,21.62,21.73,21.28,21.47,21.62,-0.1500000000000021,-0.6938020351526463,336966.0,,tushare_legacy_get_k_data,21.746,22.31066666666667,0,0.0,-0.006938020351526464,-0.0,0.9029878121951447,1.2666666666666657,0.13069291288658236,0.12116250511666049
000776.SZ,20260206,21.36,21.5,21.25,21.29,21.47,-0.1799999999999997,-0.8383791336748939,281521.0,,tushare_legacy_get_k_data,21.506,22.226000000000003,0,0.0,-0.008383791336748936,-0.0,0.9029878121951447,1.256047197640117,0.13069291288658236,0.12853049529267357
000776.SZ,20260209,21.41,21.9,21.4,21.71,21.29,0.4200000000000017,1.972757162987326,432863.0,,tushare_legacy_get_k_data,21.503999999999998,22.178,0,0.0,0.019727571629873264,0.0,0.9029878121951447,1.280825958702064,0.13069291288658236,0.11133851821530971
000776.SZ,20260210,21.75,21.76,21.55,21.62,21.71,-0.0899999999999998,-0.4145555043758629,188230.0,,tushare_legacy_get_k_data,21.542,22.101333333333333,0,0.0,-0.004145555043758575,-0.0,0.9029878121951447,1.2755162241887898,0.13069291288658236,0.11502251330331614
000776.SZ,20260211,21.64,21.65,21.4,21.5,21.62,-0.120000000000001,-0.5550416281221138,252795.0,,tushare_legacy_get_k_data,21.518,22.029999999999998,0,0.0,-0.005550416281221104,-0.0,0.9029878121951447,1.2684365781710907,0.13069291288658236,0.11993450675399153
000776.SZ,20260212,21.48,21.49,21.1,21.13,21.5,-0.370000000000001,-1.7209302325581444,488927.0,,tushare_legacy_get_k_data,21.45,21.932666666666666,0,0.0,-0.017209302325581488,-0.0,0.9029878121951447,1.2466076696165183,0.13069291288658236,0.1350798198935741
000776.SZ,20260213,21.19,21.32,21.1,21.13,21.13,0.0,0.0,318448.0,,tushare_legacy_get_k_data,21.418,21.854,0,0.0,0.0,0.0,0.9029878121951447,1.2466076696165183,0.13069291288658236,0.1350798198935741
000776.SZ,20260224,21.11,21.23,20.93,20.99,21.13,-0.1400000000000005,-0.6625650733554216,353212.0,,tushare_legacy_get_k_data,21.274,21.739333333333335,0,0.0,-0.006625650733554256,-0.0,0.9029878121951447,1.2383480825958693,0.13069291288658236,0.14081047891936216
000776.SZ,20260225,21.0,21.23,20.88,20.91,20.99,-0.0799999999999983,-0.381133873272979,543490.0,,tushare_legacy_get_k_data,21.131999999999998,21.632666666666662,0,0.0,-0.003811338732729763,-0.0,0.9029878121951447,1.23362831858407,0.13069291288658236,0.1440851412198123
000776.SZ,20260226,20.9,20.99,20.75,20.81,20.91,-0.1000000000000014,-0.478240076518419,294128.0,,tushare_legacy_get_k_data,20.994,21.51533333333333,0,0.0,-0.004782400765184214,-0.0,0.9029878121951447,1.2277286135693206,0.13069291288658236,0.14817846909537524
000776.SZ,20260227,20.8,21.01,20.76,20.84,20.81,0.0300000000000011,0.1441614608361419,356003.0,,tushare_legacy_get_k_data,20.936,21.377333333333336,0,0.0,0.0014416146083613413,0.0,0.9029878121951447,1.2294985250737454,0.13069291288658236,0.1469504707327064
000776.SZ,20260302,20.64,20.75,20.22,20.67,20.84,-0.1699999999999981,-0.815738963531661,512867.0,,tushare_legacy_get_k_data,20.844,21.256000000000004,0,0.0,-0.008157389635316648,-0.0,0.9029878121951447,1.2194690265486716,0.13069291288658236,0.1539091281211632
000776.SZ,20260303,20.67,21.01,20.4,20.53,20.67,-0.1400000000000005,-0.6773101112723781,536006.0,,tushare_legacy_get_k_data,20.752,21.176666666666666,0,0.0,-0.006773101112723778,-0.0,0.9029878121951447,1.2112094395280226,0.13069291288658236,0.15963978714695115
000776.SZ,20260304,20.42,20.45,19.9,19.97,20.53,-0.5600000000000023,-2.7277155382367377,522930.0,,tushare_legacy_get_k_data,20.564,21.079333333333334,0,0.0,-0.027277155382367413,-0.0,0.9029878121951447,1.1781710914454266,0.13069291288658236,0.18256242325010308
000776.SZ,20260305,20.2,20.23,19.87,19.92,19.97,-0.0499999999999971,-0.2503755633450033,348624.0,,tushare_legacy_get_k_data,20.386,20.966,0,0.0,-0.0025037556334500666,-0.0,0.9029878121951447,1.175221238938052,0.13069291288658236,0.1846090871878845
000776.SZ,20260306,19.8,20.19,19.77,20.07,19.92,0.1499999999999985,0.7530120481927639,270062.0,,tushare_legacy_get_k_data,20.232000000000003,20.872666666666664,0,0.0,0.007530120481927582,0.0,0.9029878121951447,1.1840707964601758,0.13069291288658236,0.17846909537454037
000776.SZ,20260309,19.8,19.8,19.25,19.39,20.07,-0.6799999999999997,-3.3881415047334316,549278.0,,tushare_legacy_get_k_data,19.976000000000003,20.746,0,0.0,-0.03388141504733433,-0.0,0.9029878121951447,1.1439528023598808,0.13069291288658236,0.20630372492836757
000776.SZ,20260310,19.57,19.68,19.37,19.52,19.39,0.129999999999999,0.6704486848891129,367021.0,,tushare_legacy_get_k_data,19.774,20.6,0,0.0,0.0067044868488910225,0.0,0.9029878121951447,1.1516224188790547,0.13069291288658236,0.200982398690136
000776.SZ,20260311,19.47,19.67,19.39,19.53,19.52,0.0100000000000015,0.0512295081967293,299483.0,,tushare_legacy_get_k_data,19.686,20.460666666666665,0,0.0,0.0005122950819673733,0.0,0.9029878121951447,1.1522123893805298,0.13069291288658236,0.20057306590257962
000776.SZ,20260312,19.5,19.59,19.36,19.49,19.53,-0.0400000000000027,-0.2048131080389283,272629.0,,tushare_legacy_get_k_data,19.6,20.326666666666664,0,0.0,-0.0020481310803892594,-0.0,0.9029878121951447,1.14985250737463,0.13069291288658236,0.20221039705280486
000776.SZ,20260313,19.44,19.55,19.29,19.32,19.49,-0.1699999999999981,-0.872242175474593,289737.0,,tushare_legacy_get_k_data,19.45,20.206,0,0.0,-0.008722421754745913,-0.0,0.9029878121951447,1.1398230088495565,0.13069291288658236,0.20916905444126155
000776.SZ,20260316,19.32,19.35,18.96,19.07,19.32,-0.25,-1.2939958592132503,390596.0,,tushare_legacy_get_k_data,19.386,20.06866666666667,0,0.0,-0.012939958592132483,-0.0,0.9029878121951447,1.1250737463126834,0.13069291288658236,0.2194023741301685
000776.SZ,20260317,19.11,20.08,19.11,19.53,19.07,0.4600000000000008,2.4121657052962813,909683.0,,tushare_legacy_get_k_data,19.387999999999998,19.971333333333334,0,0.0,0.024121657052962764,0.0,0.9029878121951447,1.15221238938053,0.13069291288658236,0.2005730659025795
000776.SZ,20260318,19.52,19.54,19.26,19.47,19.53,-0.0600000000000022,-0.3072196620583833,390468.0,,tushare_legacy_get_k_data,19.375999999999998,19.875333333333337,0,0.0,-0.003072196620583889,-0.0,0.9029878121951447,1.1486725663716804,0.13069291288658236,0.2030290626279173
000776.SZ,20260319,19.29,19.33,19.03,19.11,19.47,-0.3599999999999994,-1.848998459167948,365401.0,,tushare_legacy_get_k_data,19.3,19.762,0,0.0,-0.018489984591679498,-0.0,0.9029878121951447,1.127433628318583,0.13069291288658236,0.21776504297994337
000776.SZ,20260320,19.2,19.33,19.06,19.06,19.11,-0.0500000000000007,-0.2616431187859797,330911.0,,tushare_legacy_get_k_data,19.247999999999998,19.64333333333333,0,0.0,-0.0026164311878598134,-0.0,0.9029878121951447,1.1244837758112083,0.13069291288658236,0.2198117069177249
000776.SZ,20260323,18.7,18.76,18.11,18.26,19.06,-0.7999999999999972,-4.1972717733473095,561612.0,,tushare_legacy_get_k_data,19.086000000000002,19.482666666666663,0,0.0,-0.04197271773347311,-0.0,0.9029878121951447,1.0772861356932144,0.13069291288658236,0.2525583299222275
000776.SZ,20260324,18.5,18.67,18.22,18.36,18.26,0.0999999999999978,0.5476451259583672,403232.0,,tushare_legacy_get_k_data,18.852,19.338,0,0.0,0.005476451259583737,0.0,0.9029878121951447,1.0831858407079635,0.13069291288658236,0.24846500204666466
000776.SZ,20260325,18.4,18.77,18.35,18.65,18.36,0.2899999999999991,1.5795206971677516,348904.0,,tushare_legacy_get_k_data,18.688,19.25,0,0.0,0.015795206971677578,0.0,0.9029878121951447,1.1002949852507364,0.13069291288658236,0.23659435120753247
000776.SZ,20260326,18.6,18.61,18.03,18.12,18.65,-0.5299999999999976,-2.8418230563002553,408747.0,,tushare_legacy_get_k_data,18.490000000000002,19.130000000000003,0,0.0,-0.028418230563002522,-0.0,0.9029878121951447,1.0690265486725656,0.13069291288658236,0.2582889889480152
000776.SZ,20260327,18.0,18.35,17.96,18.29,18.12,0.1699999999999981,0.9381898454746034,271846.0,,tushare_legacy_get_k_data,18.336000000000002,19.011333333333333,0,0.0,0.009381898454746018,0.0,0.9029878121951447,1.0790560471976391,0.13069291288658236,0.25133033155955864
000776.SZ,20260330,18.01,18.24,18.0,18.18,18.29,-0.1099999999999994,-0.6014215418261314,253510.0,,tushare_legacy_get_k_data,18.32,18.930666666666664,0,0.0,-0.006014215418261304,-0.0,0.9029878121951447,1.072566371681415,0.13069291288658236,0.25583299222267764
000776.SZ,20260331,18.22,18.46,17.96,17.96,18.18,-0.2199999999999988,-1.2101210121012038,395443.0,,tushare_legacy_get_k_data,18.24,18.826666666666664,0,0.0,-0.012101210121012063,-0.0,0.9029878121951447,1.0595870206489668,0.13069291288658236,0.26483831354891585
000776.SZ,20260401,18.31,18.58,18.17,18.43,17.96,0.4699999999999988,2.6169265033407507,412208.0,,tushare_legacy_get_k_data,18.196,18.753333333333334,0,0.0,0.02616926503340755,0.0,0.9029878121951447,1.0873156342182884,0.13069291288658236,0.24559967253377046
000776.SZ,20260402,18.34,18.34,17.82,17.99,18.43,-0.4400000000000013,-2.38741182854043,454844.0,,tushare_legacy_get_k_data,18.169999999999998,18.653333333333332,0,0.0,-0.02387411828540431,-0.0,0.9029878121951447,1.0613569321533916,0.13069291288658236,0.263610315186247
000776.SZ,20260403,17.99,18.09,17.83,17.84,17.99,-0.1499999999999985,-0.8337965536409038,232662.0,,tushare_legacy_get_k_data,18.080000000000002,18.55466666666667,0,0.0,-0.008337965536409087,-0.0,0.9029878121951447,1.0525073746312676,0.13069291288658236,0.26975030699959124
000776.SZ,20260407,17.82,17.88,17.66,17.75,17.84,-0.0899999999999998,-0.5044843049327347,234795.0,,tushare_legacy_get_k_data,17.994,18.466666666666665,0,0.0,-0.005044843049327397,-0.0,0.9029878121951447,1.0471976401179932,0.13069291288658236,0.2734343020875979
000776.SZ,20260408,18.21,18.63,18.16,18.61,17.75,0.8599999999999994,4.845070422535208,655628.0,,tushare_legacy_get_k_data,18.124,18.40533333333333,0,0.0,0.04845070422535214,0.0,0.9029878121951447,1.0979351032448368,0.13069291288658236,0.2382316823577576
000776.SZ,20260409,18.4,18.43,18.1,18.14,18.61,-0.4699999999999988,-2.5255239118753297,389005.0,,tushare_legacy_get_k_data,18.066,18.316666666666666,0,0.0,-0.02525523911875327,-0.0,0.9029878121951447,1.0702064896755155,0.13069291288658236,0.25747032337290277
000776.SZ,20260410,18.78,19.36,18.69,18.87,18.14,0.7300000000000004,4.0242557883131225,895050.0,,tushare_legacy_get_k_data,18.242,18.300666666666665,0,0.0,0.040242557883131136,0.0,0.9029878121951447,1.113274336283185,0.13069291288658236,0.22758902988129415
000776.SZ,20260413,18.67,19.53,18.6,19.37,18.87,0.5,2.649708532061473,827024.0,,tushare_legacy_get_k_data,18.548000000000002,18.32133333333333,1,0.0,0.02649708532061479,0.0,0.9029878121951447,1.1427728613569312,0.13069291288658236,0.20712239050348003
000776.SZ,20260414,19.5,19.89,19.39,19.63,19.37,0.259999999999998,1.3422818791946205,914836.0,,tushare_legacy_get_k_data,18.924,18.412666666666667,0,1.0,0.01342281879194629,0.01342281879194629,0.9151084539695762,1.1581120943952792,0.11902436138170425,0.19647973802701668
000776.SZ,20260415,19.62,20.18,19.61,19.86,19.63,0.2300000000000004,1.1716760061130944,853765.0,,tushare_legacy_get_k_data,19.174,18.512666666666668,0,1.0,0.011716760061130982,0.011716760061130982,0.9258305601546503,1.1716814159292026,0.10870218120431208,0.18706508391322207
000776.SZ,20260416,19.85,20.13,19.77,19.88,19.86,0.0199999999999995,0.1007049345417904,543745.0,,tushare_legacy_get_k_data,19.522,18.59466666666667,0,1.0,0.001007049345417954,0.001007049345417954,0.926762917214222,1.1728613569321524,0.10780460031932138,0.18624641833810962
000776.SZ,20260417,19.84,20.24,19.76,20.11,19.88,0.2300000000000004,1.1569416498993983,633320.0,,tushare_legacy_get_k_data,19.77,18.72733333333333,0,1.0,0.0115694164989939,0.0115694164989939,0.937485023399296,1.1864306784660756,0.0974824201419292,0.17683176422431512
000776.SZ,20260420,20.08,20.23,19.9,20.13,20.11,0.0199999999999995,0.0994530084535036,480721.0,,tushare_legacy_get_k_data,19.921999999999997,18.85,0,1.0,0.0009945300845350946,0.0009945300845350946,0.9384173804588677,1.1876106194690255,0.0965848392569385,0.17601309864920256
000776.SZ,20260421,20.03,20.05,19.88,19.88,20.13,-0.25,-1.2419274714356685,347062.0,,tushare_legacy_get_k_data,19.971999999999998,18.963333333333335,0,1.0,-0.012419274714356665,-0.012419274714356665,0.9267629172142221,1.1728613569321524,0.10780460031932126,0.18624641833810962
000776.SZ,20260422,19.88,20.64,19.84,20.39,19.88,0.5100000000000016,2.5653923541247567,663947.0,,tushare_legacy_get_k_data,20.077999999999996,19.125333333333334,0,1.0,0.025653923541247625,0.025653923541247625,0.9505380222332993,1.2029498525073739,0.08491628775206028,0.165370446172739
000776.SZ,20260423,20.31,20.59,20.12,20.32,20.39,-0.0700000000000002,-0.3433055419323211,546758.0,,tushare_legacy_get_k_data,20.166,19.25133333333333,0,1.0,-0.003433055419323261,-0.003433055419323261,0.9472747725247984,1.1988200589970492,0.08805782084952751,0.16823577568563308
000776.SZ,20260424,20.15,20.28,19.61,19.86,20.32,-0.4600000000000008,-2.2637795275590595,576371.0,,tushare_legacy_get_k_data,20.116,19.375999999999998,0,1.0,-0.022637795275590622,-0.022637795275590622,0.9258305601546504,1.1716814159292026,0.10870218120431197,0.18706508391322207
000776.SZ,20260427,19.95,20.38,19.83,19.9,19.86,0.0399999999999991,0.2014098690835808,777049.0,,tushare_legacy_get_k_data,20.07,19.513333333333332,0,1.0,0.002014098690835908,0.002014098690835908,0.9276952742737937,1.1740412979351025,0.10690701943433067,0.18542775276299683
000776.SZ,20260428,21.01,21.46,20.51,21.1,19.9,1.2000000000000028,6.03015075376886,1677400.0,,tushare_legacy_get_k_data,20.314,19.736666666666668,0,1.0,0.06030150753768848,0.06030150753768848,0.9836366978480929,1.2448377581120937,0.05305216633489318,0.13630781825624283
000776.SZ,20260429,21.09,21.35,20.88,21.28,21.1,0.1799999999999997,0.8530805687203777,907455.0,,tushare_legacy_get_k_data,20.492,19.914666666666665,0,1.0,0.008530805687203769,0.008530805687203769,0.9920279113842377,1.2554572271386424,0.04497393836997765,0.12893982808022975
000776.SZ,20260430,21.25,21.73,21.13,21.23,21.28,-0.0500000000000007,-0.2349624060150409,691752.0,,tushare_legacy_get_k_data,20.674,20.12066666666667,0,1.0,-0.0023496240601503793,-0.0023496240601503793,0.9896970187353086,1.2525073746312678,0.04721789058245429,0.13098649201801105
000776.SZ,20260506,21.12,21.49,21.08,21.18,21.23,-0.0500000000000007,-0.2355157795572336,824306.0,,tushare_legacy_get_k_data,20.938,20.27466666666667,0,1.0,-0.0023551577955723824,-0.0023551577955723824,0.9873661260863794,1.249557522123893,0.04946184279493082,0.13303315595579257
000776.SZ,20260507,21.3,21.38,20.82,21.17,21.18,-0.009999999999998,-0.0472143531633522,630771.0,,tushare_legacy_get_k_data,21.192,20.39466666666667,0,1.0,-0.00047214353163349543,-0.00047214353163349543,0.9868999475565937,1.2489675516224183,0.04991063323742606,0.13344248874334874
000776.SZ,20260508,21.04,21.17,20.85,20.96,21.17,-0.2100000000000008,-0.9919697685403912,453346.0,,tushare_legacy_get_k_data,21.164,20.483333333333334,0,1.0,-0.009919697685403905,-0.009919697685403905,0.9771101984310914,1.236578171091445,0.05933523252982753,0.14203847728203067
000776.SZ,20260511,20.41,21.16,20.1,21.03,20.96,0.0700000000000002,0.3339694656488563,1093994.0,,tushare_legacy_get_k_data,21.114,20.56133333333333,0,1.0,0.0033396946564885344,0.0033396946564885344,0.9803734481395922,1.2407079646017694,0.05619369943236041,0.1391731477691367
000776.SZ,20260512,20.96,21.19,20.85,21.03,21.03,0.0,0.0,543846.0,,tushare_legacy_get_k_data,21.074,20.637999999999998,0,1.0,0.0,0.0,0.9803734481395922,1.2407079646017694,0.05619369943236041,0.1391731477691367
000776.SZ,20260513,20.98,21.05,20.61,20.85,21.03,-0.1799999999999997,-0.8559201141226805,439636.0,,tushare_legacy_get_k_data,21.008000000000003,20.68733333333334,0,1.0,-0.008559201141226769,-0.008559201141226769,0.9719822346034473,1.2300884955752207,0.06427192739727594,0.14654113794514978
000776.SZ,20260514,20.85,20.94,20.31,20.35,20.85,-0.5,-2.3980815347721824,411711.0,,tushare_legacy_get_k_data,20.844,20.701999999999998,0,1.0,-0.023980815347721784,-0.023980815347721784,0.9486733081141561,1.2005899705014744,0.08671144952204146,0.1670077773229639
000776.SZ,20260515,20.4,20.45,19.76,19.94,20.35,-0.4100000000000001,-2.014742014742015,422708.0,,tushare_legacy_get_k_data,20.64,20.706,-1,1.0,-0.020147420147420103,-0.020147420147420103,0.9295599883929372,1.1764011799410026,0.10511185766434927,0.18379042161277148
000776.SZ,20260518,19.7,19.92,19.53,19.67,19.94,-0.2699999999999996,-1.354062186559677,375990.0,,tushare_legacy_get_k_data,20.368000000000002,20.658,0,0.0,-0.013540621865596791,-0.0,0.9295599883929372,1.1604719764011795,0.10511185766434927,0.19484240687679122
000776.SZ,20260519,19.64,19.73,19.0,19.51,19.67,-0.1600000000000001,-0.8134214539908498,698645.0,,tushare_legacy_get_k_data,20.064,20.604,0,0.0,-0.00813421453990848,-0.0,0.9295599883929372,1.1510324483775807,0.10511185766434927,0.20139173147769174
000776.SZ,20260520,19.56,19.63,19.21,19.43,19.51,-0.0800000000000018,-0.4100461301896558,315173.0,,tushare_legacy_get_k_data,19.78,20.575333333333333,0,0.0,-0.004100461301896563,-0.0,0.9295599883929372,1.1463126843657812,0.10511185766434927,0.204666393778142
000776.SZ,20260521,19.6,20.3,19.32,19.32,19.43,-0.1099999999999994,-0.5661348430262452,847655.0,,tushare_legacy_get_k_data,19.574,20.53666666666667,0,0.0,-0.005661348430262447,-0.0,0.9295599883929372,1.139823008849557,0.10511185766434927,0.20916905444126122
000776.SZ,20260522,19.65,19.66,18.91,19.05,19.32,-0.2699999999999996,-1.3975155279503084,530072.0,,tushare_legacy_get_k_data,19.396,20.4,0,0.0,-0.013975155279503104,-0.0,0.9295599883929372,1.1238938053097338,0.10511185766434927,0.22022103970528095
000776.SZ,20260525,19.15,19.23,18.82,19.0,19.05,-0.0500000000000007,-0.2624671916010536,417385.0,,tushare_legacy_get_k_data,19.262,20.248,0,0.0,-0.002624671916010568,-0.0,0.9295599883929372,1.120943952802359,0.10511185766434927,0.22226770364306248
000776.SZ,20260526,18.86,19.63,18.81,19.15,19.0,0.1499999999999985,0.7894736842105189,789560.0,,tushare_legacy_get_k_data,19.189999999999998,20.109333333333332,0,0.0,0.007894736842105177,0.0,0.9295599883929372,1.1297935103244827,0.10511185766434927,0.21612771182971835
000776.SZ,20260527,19.0,19.39,18.6,18.87,19.15,-0.2799999999999976,-1.4621409921670891,578685.0,,tushare_legacy_get_k_data,19.078,19.955333333333332,0,0.0,-0.014621409921670936,-0.0,0.9295599883929372,1.113274336283185,0.10511185766434927,0.22758902988129415
000776.SZ,20260528,18.88,18.93,18.38,18.55,18.87,-0.3200000000000003,-1.6958134605193445,468688.0,,tushare_legacy_get_k_data,18.924,19.780666666666665,0,0.0,-0.016958134605193464,-0.0,0.9295599883929372,1.0943952802359873,0.10511185766434927,0.24068767908309519
000776.SZ,20260529,18.59,19.26,18.54,18.89,18.55,0.3399999999999998,1.8328840970350395,875927.0,,tushare_legacy_get_k_data,18.892000000000003,19.642666666666667,0,0.0,0.01832884097035037,0.0,0.9295599883929372,1.1144542772861348,0.10511185766434927,0.22677036430618158
000776.SZ,20260601,18.9,19.38,18.68,19.0,18.89,0.1099999999999994,0.5823186871360477,769428.0,,tushare_legacy_get_k_data,18.892000000000003,19.507333333333335,0,0.0,0.0058231868713605195,0.0,0.9295599883929372,1.120943952802359,0.10511185766434927,0.22226770364306248
000776.SZ,20260602,18.93,19.19,18.66,18.99,19.0,-0.0100000000000015,-0.0526315789473766,687816.0,,tushare_legacy_get_k_data,18.86,19.371333333333332,0,0.0,-0.0005263157894738191,-0.0,0.9295599883929372,1.120353982300884,0.10511185766434927,0.22267703643061887
000776.SZ,20260603,18.99,19.43,18.76,19.28,18.99,0.2900000000000027,1.527119536598224,821458.0,,tushare_legacy_get_k_data,18.942,19.266666666666666,0,0.0,0.015271195365982315,0.0,0.9295599883929372,1.137463126843657,0.10511185766434927,0.21080638559148646
000776.SZ,20260604,19.21,19.54,18.93,19.15,19.28,-0.1300000000000025,-0.6742738589211751,564761.0,,tushare_legacy_get_k_data,19.061999999999998,19.186666666666667,0,0.0,-0.006742738589211705,-0.0,0.9295599883929372,1.129793510324483,0.10511185766434927,0.21612771182971813
000776.SZ,20260605,19.17,19.59,18.75,18.81,19.15,-0.3399999999999998,-1.7754569190600515,789893.0,,tushare_legacy_get_k_data,19.046,19.111333333333334,0,0.0,-0.017754569190600478,-0.0,0.9295599883929372,1.1097345132743355,0.10511185766434927,0.23004502660663173
000776.SZ,20260608,18.5,19.05,18.5,18.65,18.81,-0.1600000000000001,-0.8506113769271672,682673.0,,tushare_legacy_get_k_data,18.976,19.043333333333333,0,0.0,-0.008506113769271684,-0.0,0.9295599883929372,1.1002949852507367,0.10511185766434927,0.23659435120753236
000776.SZ,20260609,18.78,18.84,18.47,18.67,18.65,0.0200000000000031,0.10723860589814,375698.0,,tushare_legacy_get_k_data,18.912,18.987333333333332,0,0.0,0.0010723860589814116,0.0,0.9295599883929372,1.1014749262536867,0.10511185766434927,0.23577568563241957
000776.SZ,20260610,18.57,19.17,18.51,19.06,18.67,0.389999999999997,2.0889126941617406,720209.0,,tushare_legacy_get_k_data,18.868,18.962666666666667,0,0.0,0.020889126941617375,0.0,0.9295599883929372,1.1244837758112085,0.10511185766434927,0.21981170691772478
000776.SZ,20260611,19.0,19.56,18.81,19.15,19.06,0.0899999999999998,0.4721930745015732,692817.0,,tushare_legacy_get_k_data,18.868000000000002,18.95133333333333,0,0.0,0.004721930745015701,0.0,0.9295599883929372,1.1297935103244827,0.10511185766434927,0.21612771182971835
000776.SZ,20260612,19.15,20.27,19.09,20.08,19.15,0.9299999999999996,4.85639686684073,1253574.0,,tushare_legacy_get_k_data,19.122,19.02,1,0.0,0.0485639686684074,0.0,0.9295599883929372,1.184660766961651,0.10511185766434927,0.17805976258698397
000776.SZ,20260615,20.1,21.5,20.1,20.83,20.08,0.75,3.735059760956175,1365126.0,,tushare_legacy_get_k_data,19.558,19.142,0,1.0,0.03735059760956183,0.03735059760956183,0.9642796094733508,1.2289085545722704,0.07168725075440197,0.14735980352026268
000776.SZ,20260616,20.81,21.55,20.68,21.5,20.83,0.6700000000000017,3.2165146423427835,1159188.0,,tushare_legacy_get_k_data,20.124000000000002,19.29866666666667,0,1.0,0.032165146423427826,0.032165146423427826,0.9952958043051869,1.2684365781710905,0.04182793524818251,0.11993450675399175
000776.SZ,20260617,21.49,21.7,21.25,21.42,21.5,-0.0799999999999983,-0.372093023255806,711954.0,,tushare_legacy_get_k_data,20.596,19.468666666666667,0,1.0,-0.0037209302325580396,-0.0037209302325580396,0.9915923780566096,1.2637168141592912,0.045393226651910035,0.1232091690544419
000776.SZ,20260618,21.31,21.59,20.6,20.64,21.42,-0.7800000000000011,-3.6414565826330585,1040995.0,,tushare_legacy_get_k_data,20.894,19.608,0,1.0,-0.036414565826330625,-0.036414565826330625,0.9554839721329794,1.2176991150442469,0.08015481783825518,0.15513712648383204
000776.SZ,20260622,20.76,22.7,20.56,22.7,20.64,2.0599999999999987,9.980620155038752,1948458.0,,tushare_legacy_get_k_data,21.418,19.862000000000002,0,1.0,0.09980620155038755,0.09980620155038755,1.0508471980338485,1.3392330383480815,0.0,0.07081457224723775
000776.SZ,20260623,23.5,24.12,23.15,23.32,22.7,0.620000000000001,2.731277533039652,2981827.0,,tushare_legacy_get_k_data,21.916,20.15,0,1.0,0.027312775330396555,0.027312775330396555,1.0795487514603237,1.375811209439527,0.0,0.04543593941874824
000776.SZ,20260624,23.17,23.67,22.42,22.66,23.32,-0.6600000000000001,-2.8301886792452833,1977817.0,,tushare_legacy_get_k_data,22.148,20.39466666666667,0,1.0,-0.028301886792452824,-0.028301886792452824,1.0489954849095597,1.3368731563421818,0.028301886792452935,0.07245190339746288
000776.SZ,20260625,22.55,23.62,22.25,23.14,22.66,0.4800000000000004,2.11827007943513,1898342.0,,tushare_legacy_get_k_data,22.491999999999997,20.651999999999997,0,1.0,0.02118270079435125,0.02118270079435125,1.0712160424010244,1.3651917404129783,0.00771869639794176,0.05280392959476132
000776.SZ,20260626,23.02,23.52,22.22,22.35,23.14,-0.7899999999999991,-3.4140017286084663,1271465.0,,tushare_legacy_get_k_data,22.834,20.865333333333336,0,1.0,-0.03414001728608462,-0.03414001728608462,1.0346447081963224,1.3185840707964593,0.04159519725557448,0.08514121981170752
000776.SZ,20260629,22.46,23.86,22.46,23.26,22.35,0.91,4.0715883668903805,1398661.0,,tushare_legacy_get_k_data,22.945999999999998,21.162,0,1.0,0.040715883668903885,0.040715883668903885,1.0767711817738908,1.3722713864306777,0.002572898799313772,0.04789193614408571
000776.SZ,20260630,23.14,24.0,23.14,23.4,23.26,0.139999999999997,0.6018916595012769,1162439.0,,tushare_legacy_get_k_data,22.962,21.478666666666665,0,1.0,0.006018916595012858,0.006018916595012858,1.0832521777089013,1.3805309734513267,0.0,0.04216127711829776
000776.SZ,20260701,23.38,25.43,23.05,24.86,23.4,1.4600000000000009,6.239316239316244,1946514.0,,tushare_legacy_get_k_data,23.402,21.891333333333332,0,1.0,0.062393162393162394,0.062393162393162394,1.1508397067454395,1.466666666666666,0.0,0.0
000776.SZ,20260702,24.59,24.9,23.69,23.78,24.86,-1.0799999999999983,-4.344328238133541,1312368.0,,tushare_legacy_get_k_data,23.53,22.206000000000003,0,1.0,-0.043443282381335435,-0.043443282381335435,1.100843452389644,1.402949852507374,0.043443282381335546,0.043443282381335435
000776.SZ,20260703,23.92,24.16,23.3,23.72,23.78,-0.0600000000000022,-0.2523128679562753,933001.0,,tushare_legacy_get_k_data,23.804,22.51066666666667,0,1.0,-0.002523128679562725,-0.002523128679562725,1.0980658827032108,1.3994100294985243,0.04585679806918752,0.04585679806918741
