ts_code,trade_date,open,high,low,close,pre_close,change,pct_chg,vol,amount,data_source,rsi14,macd_dif,macd_dea,macd_hist,bb_middle,bb_upper,bb_lower,kdj_k,kdj_d,kdj_j
000776.SZ,20250707,16.82,17.01,16.79,16.95,,,,312956.0,,tushare_legacy_get_k_data,,0.0,0.0,0.0,,,,57.57575757575732,52.52525252525244,67.67676767676707
000776.SZ,20250708,16.95,17.09,16.87,17.05,16.95,0.1000000000000014,0.5899705014749347,427708.0,,tushare_legacy_get_k_data,,0.007977207977209133,0.0015954415954418267,0.012763532763534613,,,,67.27272727272721,57.44107744107737,86.9360269360269
000776.SZ,20250709,17.05,17.41,17.02,17.08,17.05,0.0299999999999975,0.1759530791788714,490301.0,,tushare_legacy_get_k_data,,0.0165294112872445,0.004582235533802361,0.02389435150688428,,,,60.4398826979471,58.440679193367274,64.43828970710675
000776.SZ,20250710,16.99,17.4,16.96,17.36,17.08,0.2800000000000011,1.639344262295089,583690.0,,tushare_legacy_get_k_data,,0.04537766845280444,0.012741322117602778,0.06527269267040334,,,,70.93841642228728,62.606591603007274,87.60206606084728
000776.SZ,20250711,17.43,17.89,17.31,17.59,17.36,0.2300000000000004,1.3248847926267304,898730.0,,tushare_legacy_get_k_data,,0.08581003325826586,0.027355064345735397,0.11690993782506093,,,,71.53470185728241,65.58262835443232,83.43884886298261
000776.SZ,20250714,17.65,17.8,17.53,17.67,17.59,0.0800000000000018,0.45480386583287,512737.0,,tushare_legacy_get_k_data,,0.12289168621686741,0.0464623887199618,0.15285859499381121,,,,74.35646790485498,68.50724153790654,86.05492063875187
000776.SZ,20250715,17.67,17.93,17.57,17.7,17.67,0.0299999999999975,0.1697792869269812,624269.0,,tushare_legacy_get_k_data,,0.15293695065774315,0.06775730110751807,0.17035929910045017,,,,76.17916573773957,71.06454960451754,86.40839800418362
000776.SZ,20250716,17.7,17.75,17.35,17.42,17.7,-0.2799999999999976,-1.5819209039547886,443088.0,,tushare_legacy_get_k_data,,0.15239763418654917,0.0846853677233243,0.13542453292644974,,,,69.2071631234054,70.44542077748015,66.73064781525588
000776.SZ,20250717,17.43,17.52,17.31,17.51,17.42,0.0899999999999998,0.5166475315729039,373011.0,,tushare_legacy_get_k_data,,0.15741785479531245,0.09923186513772193,0.11637197931518103,,,,67.19074032788436,69.36052729428155,62.85116639508996
000776.SZ,20250718,17.51,18.15,17.5,17.98,17.51,0.4699999999999988,2.6841804683038197,848365.0,,tushare_legacy_get_k_data,,0.1970500178956769,0.11879549568931293,0.15650904441272792,,,,73.70007688525628,70.80704382460647,79.48614300655589
000776.SZ,20250721,17.9,18.75,17.8,18.6,17.98,0.620000000000001,3.448275862068971,1031203.0,,tushare_legacy_get_k_data,,0.27531396314074286,0.1500991891795989,0.2504295479222879,,,,79.67342183411873,73.76250316111054,91.4952591801351
000776.SZ,20250722,18.52,18.76,18.3,18.69,18.6,0.0899999999999998,0.4838709677419347,639320.0,,tushare_legacy_get_k_data,,0.3406738750775773,0.1882141263591946,0.3049194974367654,,,,85.15265159311619,77.55921930511242,100.33951616912373
000776.SZ,20250723,18.68,19.65,18.65,19.44,18.69,0.75,4.012841091492777,1585335.0,,tushare_legacy_get_k_data,,0.4478285197565519,0.24013700503866608,0.41538302943577166,,,,87.11031473729118,80.74291778250534,99.84510864686285
000776.SZ,20250724,19.25,20.04,19.25,19.97,19.44,0.5299999999999976,2.726337448559658,1272872.0,,tushare_legacy_get_k_data,,0.5689573323140777,0.30590107049374843,0.5261125236406586,,,,90.55217563682658,84.01267040061242,103.63118610925488
000776.SZ,20250725,19.97,20.0,19.7,19.83,19.97,-0.1400000000000005,-0.701051577366052,748978.0,,tushare_legacy_get_k_data,88.70967741935488,0.6462068882230909,0.3739622340396169,0.544489308366948,,,,91.13734786044847,86.38756288722443,100.63691780689655
000776.SZ,20250728,19.82,20.3,19.65,19.92,19.83,0.0900000000000034,0.4538577912254333,899959.0,,tushare_legacy_get_k_data,88.99637243047162,0.7065453506791748,0.4404788573675285,0.5321329866232926,,,,89.85522187352085,87.54344921598991,94.47876718858271
000776.SZ,20250729,19.8,19.9,19.55,19.82,19.92,-0.1000000000000014,-0.5020080321285212,651293.0,,tushare_legacy_get_k_data,86.37197965877291,0.7377900679803346,0.49994109949008975,0.4756979369804898,,,,87.88564401378535,87.65751414858839,88.34190374417929
000776.SZ,20250730,19.8,20.05,19.46,19.66,19.82,-0.1600000000000001,-0.8072653884964689,632896.0,,tushare_legacy_get_k_data,82.19551038479584,0.7410981505612391,0.5481725097043196,0.38585128171383887,,,,84.30471505680927,86.53991445132868,79.83431626777045
000776.SZ,20250731,19.58,19.71,18.95,19.09,19.66,-0.5700000000000003,-2.899287894201426,939463.0,,tushare_legacy_get_k_data,69.33324414727191,0.6897743047136693,0.5764928687061897,0.22656287201495928,,,,73.40314337120617,82.16099075795451,55.88744859770949
000776.SZ,20250801,19.11,19.79,18.95,19.24,19.09,0.1499999999999985,0.7857517024620145,922041.0,,tushare_legacy_get_k_data,70.63549074747627,0.6536684505058759,0.5919279850661269,0.12348093087949796,18.4285,20.58034827532054,16.27665172467946,64.60209558080408,76.30802569890436,41.19023534460351
000776.SZ,20250804,19.18,19.56,19.17,19.28,19.24,0.0400000000000027,0.2079002079002219,553485.0,,tushare_legacy_get_k_data,70.98927411203304,0.621122058172066,0.5977667996873147,0.04671051696950257,18.545,20.6147777658483,16.475222234151705,55.79533644780881,69.47046261520585,28.44508411301473
000776.SZ,20250805,19.35,19.65,19.25,19.53,19.28,0.25,1.296680497925311,664556.0,,tushare_legacy_get_k_data,73.16535583899194,0.6084874538288005,0.599910930515612,0.017153046626377177,18.669,20.661364424496675,16.676635575503326,51.51787861952688,63.48626794997952,27.58109995862162
000776.SZ,20250806,19.53,19.74,19.48,19.61,19.53,0.0799999999999983,0.4096262160778202,478947.0,,tushare_legacy_get_k_data,73.84153764333193,0.5980359837156577,0.5995359411556211,-0.0029999148799269015,18.7955,20.686959489389068,16.904040510610933,50.6415487093142,59.204694869757745,33.515256388427105
000776.SZ,20250807,19.56,19.79,19.4,19.46,19.61,-0.1499999999999985,-0.7649158592554747,466503.0,,tushare_legacy_get_k_data,70.26633316827058,0.5710664731288304,0.593842047550263,-0.04555114884286526,18.9005,20.69206328383899,17.10893671616101,46.35362506546875,54.92100493499474,29.21886532641676
000776.SZ,20250808,19.47,19.75,19.2,19.61,19.46,0.1499999999999985,0.7708119218910512,652662.0,,tushare_legacy_get_k_data,71.73986353936876,0.5553944466220138,0.5861525273646132,-0.061516161485198895,19.0015,20.712082064678555,17.290917935321445,50.90241671031247,53.58147552676731,45.54429907740278
000776.SZ,20250811,19.5,19.82,19.5,19.61,19.61,0.0,0.0,531487.0,,tushare_legacy_get_k_data,71.73986353936876,0.5367865119329451,0.5762793242782797,-0.07898562469066905,19.0985,20.713408975763013,17.48359102423699,53.93494447354162,53.69929850902541,54.406236402574024
000776.SZ,20250812,19.7,20.07,19.64,19.99,19.61,0.379999999999999,1.937786843447216,677801.0,,tushare_legacy_get_k_data,75.33166384435206,0.5464038108297373,0.5703042215885712,-0.047800821517667735,19.213,20.73723226576527,17.68876773423473,66.90901060140864,58.10253587315315,84.52196005791963
000776.SZ,20250813,20.12,20.75,19.99,20.44,19.99,0.4500000000000028,2.251125562781405,1046489.0,,tushare_legacy_get_k_data,78.77240718069963,0.5836093434602176,0.5729652459629005,0.02128819499463419,19.364,20.73885126468281,17.98914873531719,72.19859966019838,62.801223802168224,90.99335137625869
000776.SZ,20250814,20.44,21.25,20.36,20.64,20.44,0.1999999999999993,0.9784735812133036,1136197.0,,tushare_legacy_get_k_data,80.1008679068949,0.6220625745130413,0.5827847116729287,0.07855572568022517,19.520500000000002,20.71650125417991,18.324498745820094,71.6900920811579,65.76417989516479,83.54191645314413
000776.SZ,20250815,20.59,21.67,20.49,21.18,20.64,0.5399999999999991,2.6162790697674376,1302409.0,,tushare_legacy_get_k_data,83.16441541627536,0.6881776407280675,0.6038632974839565,0.16862868648822205,19.680500000000002,20.865480590558303,18.4955194094417,74.51404249405125,68.68080076146028,86.18052595923322
000776.SZ,20250818,21.26,21.27,20.61,20.81,21.18,-0.370000000000001,-1.7469310670443865,1389938.0,,tushare_legacy_get_k_data,74.68060491175487,0.7026190442785527,0.6236144468428758,0.1580091948713538,19.791,20.96445472856855,18.61754527143145,71.40342374097341,69.58834175463132,75.0335877136576
000776.SZ,20250819,20.6,20.9,20.52,20.61,20.81,-0.1999999999999993,-0.9610764055742398,573379.0,,tushare_legacy_get_k_data,70.49439535139197,0.6899720636496909,0.6368859702042389,0.10617218689090402,19.887,20.996884678694094,18.777115321305907,66.63062257495392,68.60243536140551,62.68699700205073
000776.SZ,20250820,20.5,20.97,20.41,20.91,20.61,0.3000000000000007,1.4556040756914157,611366.0,,tushare_legacy_get_k_data,72.94429313847562,0.6961321550242303,0.6487352071682372,0.09479389571198626,19.9605,21.135054809278767,18.785945190721232,67.49733812689234,68.2340696165678,66.02387514754145
000776.SZ,20250821,21.13,21.18,20.67,20.8,20.91,-0.1099999999999994,-0.5260640841702507,589168.0,,tushare_legacy_get_k_data,70.62860439229742,0.6842503786934664,0.6558382414732831,0.05682427444036664,20.002000000000002,21.232294273740997,18.771705726259007,64.96750345172238,67.14521422828598,60.612081898595164
000776.SZ,20250822,20.75,22.4,20.71,22.32,20.8,1.5199999999999996,7.307692307692306,1402882.0,,tushare_legacy_get_k_data,80.05224148790828,0.788397130813884,0.6823500193414033,0.21209422294496139,20.1265,21.714055038415953,18.538944961584047,75.67881872626904,69.98974906094699,87.05695805691315
000776.SZ,20250825,22.4,22.45,21.76,22.2,22.32,-0.120000000000001,-0.5376344086021551,1126936.0,,tushare_legacy_get_k_data,77.92654272167833,0.8514363567678984,0.7161672868267023,0.2705381398823923,20.2405,22.06250411635097,18.418495883649033,80.39834527550727,73.45928113246708,94.27647356158764
000776.SZ,20250826,22.01,22.09,21.76,21.88,22.2,-0.3200000000000003,-1.441441441441443,625916.0,,tushare_legacy_get_k_data,72.40512095875457,0.865596019760158,0.7460530334133935,0.23908597269352905,20.3435,22.287591304440166,18.39940869555983,77.84132109276241,74.9199611192322,83.68404103982283
000776.SZ,20250827,21.88,21.96,21.07,21.09,21.88,-0.7899999999999991,-3.6106032906764134,928491.0,,tushare_legacy_get_k_data,60.92774928946106,0.8038054876912959,0.7576035242689739,0.09240392684464394,20.415,22.358465976033504,18.471534023966495,63.005325172952716,70.9484158038057,47.11914391124674
000776.SZ,20250828,20.99,21.71,20.97,21.65,21.09,0.5599999999999987,2.6552868658131756,748945.0,,tushare_legacy_get_k_data,65.14547167929808,0.7909062903417201,0.7642640774835232,0.0532844257163938,20.543,22.457534930472637,18.628465069527362,62.26498802379852,68.05393987713664,50.68708431712227
000776.SZ,20250829,21.71,22.03,21.57,21.78,21.65,0.1300000000000025,0.600461893764446,839434.0,,tushare_legacy_get_k_data,66.0613630494133,0.7821572748645096,0.7678427169597205,0.028629115809578165,20.67,22.558756204490106,18.781243795509898,63.89561293089838,66.66783089505722,58.3511770025807
000776.SZ,20250901,21.89,21.94,21.54,21.57,21.78,-0.2100000000000008,-0.9641873278236952,681238.0,,tushare_legacy_get_k_data,63.17347629596254,0.7496370231388951,0.7642015781955555,-0.029129110113320644,20.7845,22.59848428879631,18.970515711203692,61.551323653278665,64.96232848113104,54.72931399757391
000776.SZ,20250902,21.62,21.75,21.02,21.21,21.57,-0.3599999999999994,-1.6689847009735717,617224.0,,tushare_legacy_get_k_data,58.45580012219143,0.6868973726628269,0.7487407370890098,-0.12368672885236576,20.8685,22.59585954566496,19.14114045433504,51.14657531941424,60.357077427225434,32.72557110379185
000776.SZ,20250903,21.22,21.36,20.38,20.53,21.21,-0.6799999999999997,-3.2060348892032047,709934.0,,tushare_legacy_get_k_data,50.74687618958273,0.5756694713193227,0.7141264839350724,-0.27691402523149944,20.9145,22.55201610679097,19.27698389320903,36.513175816807596,52.40911022375282,4.721307002917143
000776.SZ,20250904,20.53,20.68,19.96,20.24,20.53,-0.2900000000000027,-1.412566975158318,663880.0,,tushare_legacy_get_k_data,47.84879262995163,0.45883086518045957,0.6630673601841498,-0.40847299000738047,20.9535,22.484268107846464,19.422731892153532,28.090443851097938,44.30288809953453,-4.33444464577525
000776.SZ,20250905,20.31,20.55,20.08,20.49,20.24,0.25,1.2351778656126484,522401.0,,tushare_legacy_get_k_data,50.474562177213464,0.38200482487017595,0.6068548531213551,-0.44970005650235834,20.9975,22.417878470690063,19.577121529309935,27.021172270058997,38.54231615637602,3.978884497424957
000776.SZ,20250908,20.53,20.63,20.05,20.26,20.49,-0.2299999999999968,-1.1224987798926154,600814.0,,tushare_legacy_get_k_data,48.07630458219963,0.29911257306160266,0.5453063971094047,-0.492387648095604,21.029999999999998,22.347952958189268,19.712047041810727,22.845032721102143,33.30988834461806,1.9153214740703106
000776.SZ,20250909,20.19,20.79,20.12,20.49,20.26,0.2299999999999968,1.1352418558736272,554257.0,,tushare_legacy_get_k_data,50.60386153777661,0.24910738918808661,0.4860665955251411,-0.47391841267410895,21.055,22.310587511884314,19.799412488115685,23.764643392167894,30.12814002713467,11.03765012223434
000776.SZ,20250910,20.46,20.77,20.36,20.43,20.49,-0.0599999999999987,-0.2928257686676365,381830.0,,tushare_legacy_get_k_data,49.92116427705125,0.20230438314259303,0.4293141530486315,-0.454019539812077,21.054499999999997,22.31107431137193,19.797925688628066,23.41153359799919,27.88927121742284,14.45605835915189
000776.SZ,20250911,20.38,21.12,20.33,21.05,20.43,0.620000000000001,3.034752814488502,707365.0,,tushare_legacy_get_k_data,56.45813645357621,0.2127885877150142,0.38600903998190805,-0.34644090453378773,21.075,22.317151359537093,19.832848640462906,33.95785741550114,29.912133283448938,42.04930567960554
000776.SZ,20250912,21.03,21.33,20.86,20.96,21.05,-0.0899999999999998,-0.4275534441805218,503989.0,,tushare_legacy_get_k_data,55.32909093552905,0.21139827975648018,0.3510868879368225,-0.2793772163606847,21.064,22.306133648203705,19.821866351796295,41.2605455395706,33.69493736882283,56.391761881066145
000776.SZ,20250915,20.95,21.51,20.81,21.13,20.96,0.1699999999999981,0.8110687022900674,580467.0,,tushare_legacy_get_k_data,57.075249919031606,0.22146116349544798,0.3251617430485476,-0.20740115910619927,21.08,22.31686700982759,19.843132990172407,52.66832068229432,40.01939847331332,77.9661651002563
000776.SZ,20250916,21.12,21.24,20.67,21.0,21.13,-0.129999999999999,-0.61523899668717,440179.0,,tushare_legacy_get_k_data,55.2952263748006,0.21645104490352196,0.3034196034195425,-0.17393711703204107,21.0995,22.31827766635258,19.88072233364742,57.47780518604564,45.83886737755743,80.75568080302206
000776.SZ,20250917,21.1,21.25,20.84,21.1,21.0,0.1000000000000014,0.476190476190483,471727.0,,tushare_legacy_get_k_data,56.42111484518611,0.2180362677172134,0.2863429362790767,-0.13661333712372659,21.109,22.324679234008645,19.89332076599136,62.29113953042312,51.32295809517933,84.22750240091071
000776.SZ,20250918,20.98,21.1,19.92,20.28,21.1,-0.8200000000000003,-3.8862559241706176,1006249.0,,tushare_legacy_get_k_data,46.15591570300381,0.1513804021984022,0.2593504294629418,-0.21594005452907916,21.083,22.345348604783894,19.820651395216103,49.07459616493615,50.5735041184316,46.076780257945245
000776.SZ,20250919,20.13,20.35,20.02,20.15,20.28,-0.1300000000000025,-0.6410256410256536,409982.0,,tushare_legacy_get_k_data,44.76537990599542,0.08706164257883842,0.22489267208612113,-0.2756620590145654,20.9745,22.163827120686253,19.785172879313745,37.538200378301184,46.22840287172146,20.15779539146064
000776.SZ,20250922,20.14,20.51,20.11,20.5,20.15,0.3500000000000014,1.7369727047146473,354302.0,,tushare_legacy_get_k_data,49.20255011015262,0.06359752444295452,0.19263364255748783,-0.2580722362290666,20.8895,21.95263639764607,19.826363602353933,37.18479605932863,43.213867267590516,25.126653642804868
000776.SZ,20250923,20.38,20.68,20.11,20.39,20.5,-0.1099999999999994,-0.5365853658536558,411614.0,,tushare_legacy_get_k_data,47.900160247208014,0.03571426921463683,0.16124976788891765,-0.25107099734856164,20.815,21.79568343516135,19.83431656483865,34.64311351544338,40.35694935020813,23.215441845913872
000776.SZ,20250924,20.31,20.66,20.25,20.58,20.39,0.1899999999999977,0.9318293281019996,372293.0,,tushare_legacy_get_k_data,50.34506214040799,0.028618108916496965,0.13472343609443352,-0.2122106543558731,20.789499999999997,21.766771200844403,19.81222879915559,36.9318869977169,39.21526189937772,32.36513719439526
000776.SZ,20250925,20.48,20.97,20.41,20.82,20.58,0.240000000000002,1.1661807580175023,438271.0,,tushare_legacy_get_k_data,53.324642007219424,0.04187760601719859,0.11615427007898654,-0.1485533281235759,20.747999999999998,21.642574759312975,19.85342524068702,43.48918252677979,40.63990210851175,49.18774336331589
000776.SZ,20250926,20.71,21.01,20.6,20.76,20.82,-0.0599999999999987,-0.2881844380403396,343020.0,,tushare_legacy_get_k_data,52.476858221151566,0.047002538434931296,0.1023239237501755,-0.11064277063048841,20.697,21.456528801297143,19.937471198702855,50.04541993013392,43.775074715719136,62.586110358963495
000776.SZ,20250929,20.71,22.85,20.68,22.85,20.76,2.09,10.067437379576107,2007565.0,,tushare_legacy_get_k_data,70.23103685910276,0.2172058041361744,0.12530029982737528,0.18381100861759825,20.761,21.91648950665935,19.60551049334065,66.69694662008928,51.415698683842514,97.2594424925828
000776.SZ,20250930,22.85,22.96,22.1,22.18,22.85,-0.6700000000000017,-2.9321663019693727,1670990.0,,tushare_legacy_get_k_data,62.207736670652636,0.2946333678150843,0.1591669134249171,0.27093290878033444,20.8095,22.108784033612306,19.510215966387694,69.24533283444546,57.358910067376826,93.01817836858274
000776.SZ,20251009,22.12,23.44,21.7,23.09,22.18,0.91,4.102795311091074,1714165.0,,tushare_legacy_get_k_data,67.61864581005224,0.42453093630636474,0.21223971800120664,0.4245824366103162,20.9375,22.564495697597216,19.310504302402784,76.08558251341196,63.6011342160552,101.05447910812549
000776.SZ,20251010,22.95,24.55,22.86,23.95,23.09,0.8599999999999994,3.7245560848852297,1634380.0,,tushare_legacy_get_k_data,71.73703017424334,0.5900685647675523,0.2878054873544758,0.604526154826153,21.123,23.179016536898438,19.066983463101565,79.5525505044368,68.91827297884906,100.82110555561226
000776.SZ,20251013,23.22,23.9,22.48,23.13,23.95,-0.8200000000000003,-3.4237995824634666,1578988.0,,tushare_legacy_get_k_data,63.450596422529486,0.6476257544192805,0.3597695407674368,0.5757124273036874,21.255000000000003,23.464746591806364,19.04525340819364,75.70770634229719,71.18141743333177,84.76028416022803
000776.SZ,20251014,23.19,24.25,22.91,23.22,23.13,0.0899999999999998,0.3891050583657581,1521727.0,,tushare_legacy_get_k_data,63.94289486952219,0.6925195553781087,0.4263195436895712,0.532400023377075,21.403,23.720240600369287,19.08575939963071,73.49506004215161,71.95263163627172,76.57991685391139
000776.SZ,20251015,23.58,24.5,22.91,24.43,23.22,1.2100000000000009,5.211024978466843,1854319.0,,tushare_legacy_get_k_data,69.82715628839341,0.8163250170366965,0.5043206383589963,0.6240087573554003,21.6,24.223013534086284,18.97698646591372,81.36385645322184,75.0897065752551,93.91215620915534
000776.SZ,20251016,23.9,24.32,23.65,24.18,24.43,-0.25,-1.023331968890708,1389859.0,,tushare_legacy_get_k_data,67.3804908087975,0.8840777289682222,0.5802720564808416,0.6076113449747613,21.7875,24.579824300649875,18.995175699350128,84.45354143294958,78.21098486115325,96.93865457654223
000776.SZ,20251017,24.16,24.4,23.12,23.27,24.18,-0.91,-3.7634408602150544,1208233.0,,tushare_legacy_get_k_data,59.243282740525544,0.8544927855645099,0.6351162022975753,0.4387531665338693,21.8985,24.740782709372834,19.056217290627163,78.61071582179412,78.3442285147002,79.14369043598194
000776.SZ,20251020,23.45,23.68,22.55,22.62,23.27,-0.6499999999999986,-2.7932960893854686,1214430.0,,tushare_legacy_get_k_data,54.207602997085665,0.7697240374782446,0.6620377693337092,0.21537253628907083,21.9815,24.80620724146765,19.15679275853235,63.16737779932475,73.28527827624171,42.93157684549081
000776.SZ,20251021,22.66,23.02,22.44,22.78,22.62,0.1600000000000001,0.7073386383731217,1166854.0,,tushare_legacy_get_k_data,55.21668516832916,0.7073015250177406,0.6710905204705154,0.07242200909445029,22.064,24.880781141657934,19.247218858342066,54.74316414691827,67.10457356646722,30.02034530782035
000776.SZ,20251022,22.51,22.68,22.18,22.33,22.78,-0.4500000000000028,-1.975417032484648,756133.0,,tushare_legacy_get_k_data,51.7619034813583,0.6144371460242688,0.6597598455812661,-0.0906453991139946,22.1305,24.906161903042186,19.354838096957817,38.60514740596237,57.60476484629894,0.6059125252892272
000776.SZ,20251023,22.34,22.8,22.19,22.68,22.33,0.3500000000000014,1.5673981191222637,708738.0,,tushare_legacy_get_k_data,54.164035468802716,0.5625982491373698,0.6403275262924869,-0.15545855431023425,22.2095,24.953099642805004,19.465900357194993,32.92067298328526,49.37673422529438,0.008550499267016676
000776.SZ,20251024,22.6,22.96,22.52,22.96,22.68,0.2800000000000011,1.234567901234573,830150.0,,tushare_legacy_get_k_data,56.049611683542494,0.5379085350620194,0.6198437280463934,-0.16387038596874803,22.3435,24.955696585251527,19.73130341474847,33.15401187391432,43.96916010816769,11.523715405407572
000776.SZ,20251027,23.21,23.75,22.88,23.41,22.96,0.4499999999999993,1.9599303135888468,1243388.0,,tushare_legacy_get_k_data,58.9708651563828,0.5483321660849008,0.6055414156540949,-0.11441849913838831,22.5065,24.952413121923943,20.060586878076055,39.775088375713,42.57113619734946,34.18299273244007
000776.SZ,20251028,23.15,23.34,22.88,22.98,23.41,-0.4299999999999997,-1.8368218709952997,796345.0,,tushare_legacy_get_k_data,55.19556624047794,0.5159480346517178,0.5876227394536195,-0.1433494096038035,22.6305,24.902199584011875,20.358800415988128,38.528737595820694,41.22366999683987,33.13887279378234
000776.SZ,20251029,22.9,24.1,22.88,23.92,22.98,0.9400000000000012,4.090513489991302,1225789.0,,tushare_legacy_get_k_data,61.06384795535015,0.5596818572080373,0.5820345630045031,-0.04470541159293151,22.807,24.896163468951077,20.71783653104892,51.81195119000663,44.753097061228786,65.92965944756233
000776.SZ,20251030,23.92,24.0,23.5,23.55,23.92,-0.370000000000001,-1.5468227424749204,811281.0,,tushare_legacy_get_k_data,57.851916517807,0.5580524377611873,0.5772381379558399,-0.0383714003893052,22.9555,24.798025169434514,21.112974830565488,58.32602301555997,49.27740571267251,76.42325762133488
000776.SZ,20251031,23.66,23.7,22.56,22.57,23.55,-0.9800000000000004,-4.161358811040341,1223770.0,,tushare_legacy_get_k_data,50.304505260461625,0.47223961696651884,0.5562384337579757,-0.16799763358291364,23.043,24.618412326979723,21.467587673020276,45.65484867703998,48.069886700794996,40.824772629529946
000776.SZ,20251103,22.53,22.57,21.93,22.42,22.57,-0.1499999999999985,-0.6645990252547567,744258.0,,tushare_legacy_get_k_data,49.24550342535049,0.3876598899397372,0.522522724994328,-0.26972567010918147,23.125999999999998,24.346481872048766,21.90551812795123,37.963447505123455,44.70107363557115,24.488195244228066
000776.SZ,20251104,22.42,22.47,22.13,22.23,22.42,-0.1900000000000012,-0.8474576271186498,451961.0,,tushare_legacy_get_k_data,47.87080453441685,0.3018192503610386,0.4783820300676701,-0.35312555941326296,23.095000000000002,24.37212959405053,21.817870405949474,29.91725993429122,39.77313573514451,10.205508332584643
000776.SZ,20251105,22.04,22.34,21.97,22.22,22.23,-0.0100000000000015,-0.0449842555105783,383786.0,,tushare_legacy_get_k_data,47.79518113513576,0.23032793159868348,0.4287712103738728,-0.3968865575503786,23.097,24.36850462051841,21.82549537948159,24.399525056040517,34.64859884210984,3.901377483901868
000776.SZ,20251106,22.34,23.38,22.3,23.15,22.22,0.9299999999999996,4.185418541854184,1215562.0,,tushare_legacy_get_k_data,54.92656419059917,0.24587942907434623,0.3921928541139675,-0.2926268500792425,23.1,24.371707513542194,21.82829248645781,35.00674942292099,34.76798236904689,35.48428353066919
000776.SZ,20251107,23.0,23.04,22.71,22.75,23.15,-0.3999999999999986,-1.7278617710583093,509922.0,,tushare_legacy_get_k_data,51.65796130103575,0.22335277405870713,0.3584248381029154,-0.2701441280884166,23.04,24.25771917944971,21.82228082055029,35.93383909300723,35.15660127703367,37.488314724954336
000776.SZ,20251110,22.71,23.83,22.56,23.6,22.75,0.8500000000000014,3.7362637362637425,980462.0,,tushare_legacy_get_k_data,57.45224780727373,0.27096462241900454,0.34093279496613327,-0.13993634509425745,23.063499999999998,24.30516460849928,21.821835391500716,49.60873451054553,39.97397902153762,68.87824548856135
000776.SZ,20251111,23.44,23.65,23.05,23.14,23.6,-0.4600000000000008,-1.949152542372885,557968.0,,tushare_legacy_get_k_data,53.70095792192891,0.2684842799956577,0.3264430919720382,-0.11591762395276095,23.0595,24.29963668601476,21.81936331398524,52.55719176709478,44.16838327005667,69.334808761171
000776.SZ,20251112,23.01,23.36,22.85,23.05,23.14,-0.0899999999999998,-0.3889369057908377,526842.0,,tushare_legacy_get_k_data,52.9721872817794,0.25630185467827005,0.3124148445132846,-0.11222597967002912,22.9905,24.059732902598718,21.921267097401284,54.687250651747426,47.674672397286926,68.71240716066842
000776.SZ,20251113,23.0,23.58,22.97,23.47,23.05,0.4199999999999981,1.822125813449016,625108.0,,tushare_legacy_get_k_data,55.974814998527435,0.2773406741056341,0.3054000104317545,-0.0561186726522408,22.955000000000002,23.904326076751126,22.005673923248878,63.47571096081407,52.941685251795974,84.54376237885026
000776.SZ,20251114,23.2,23.35,22.81,22.85,23.47,-0.6199999999999974,-2.6416702172986684,554490.0,,tushare_legacy_get_k_data,50.81681612519809,0.2412048126985198,0.2925609708851076,-0.10271231637317557,22.934,23.873050584366833,21.99494941563317,58.087749959539174,54.65704015437704,64.94916956986344
000776.SZ,20251117,22.78,22.8,22.33,22.43,22.85,-0.4200000000000017,-1.8380743982494605,460447.0,,tushare_legacy_get_k_data,47.61584085904797,0.1766401940724478,0.26937681552257564,-0.18547324290025569,22.924500000000002,23.879769072041846,21.969230927958158,46.968894238259104,52.094324849004394,36.718033016768516
000776.SZ,20251118,22.38,23.07,22.34,22.66,22.43,0.2300000000000004,1.0254123941150264,542285.0,,tushare_legacy_get_k_data,49.49211910691526,0.14238996359251033,0.24397944513656258,-0.20317896308810451,22.9185,23.878818176439296,21.958181823560707,39.15573341374136,47.78146103725005,21.904278166723984
000776.SZ,20251119,22.56,22.97,22.53,22.76,22.66,0.1000000000000014,0.4413062665489913,351079.0,,tushare_legacy_get_k_data,50.32520578673481,0.12191026776244485,0.21956560966173905,-0.1953106837985884,22.94,23.865267528879993,22.01473247112001,35.659377831383196,43.74076663529443,19.496600223560733
000776.SZ,20251120,23.29,23.35,22.1,22.1,22.76,-0.6600000000000001,-2.899824253075572,659503.0,,tushare_legacy_get_k_data,45.04439703272582,0.05182605857635281,0.18601769944466182,-0.268383281736618,22.911,23.90112928448748,21.92087071551252,23.77291855425546,37.08481727494811,-2.8508788871298236
000776.SZ,20251121,21.87,22.08,21.08,21.1,22.1,-1.0,-4.524886877828054,724945.0,,tushare_legacy_get_k_data,38.459367000323695,-0.083445912251225,0.13212497710548446,-0.4311417787134189,22.818,24.08339480005242,21.552605199947582,16.108015741747522,30.092550097214577,-11.861052969186588
000776.SZ,20251124,21.2,21.39,20.88,21.16,21.1,0.0599999999999987,0.2843601895734536,426010.0,,tushare_legacy_get_k_data,39.03524665688734,-0.18369095022438842,0.0689617916395099,-0.5053054837277966,22.7055,24.13038560944369,21.280614390556313,14.19546728462182,24.79352249301699,-7.00064313216852
000776.SZ,20251125,21.2,21.29,20.91,20.98,21.16,-0.1799999999999997,-0.8506616257088833,531444.0,,tushare_legacy_get_k_data,37.88974070704357,-0.27449614008684264,0.00027020529423938983,-0.549532690762164,22.6055,24.208839951476207,21.00216004852379,10.698212757649133,20.09508591456104,-8.09553355617468
000776.SZ,20251126,20.97,21.36,20.92,21.09,20.98,0.1099999999999994,0.5243088655862699,436173.0,,tushare_legacy_get_k_data,39.0665366118596,-0.333736717442477,-0.0665311792531039,-0.5344110763787462,22.464000000000002,24.07780791917742,20.850192080822584,9.966149935598756,16.71877392157361,-3.539098036350957
000776.SZ,20251127,21.02,21.38,21.0,21.08,21.09,-0.0100000000000015,-0.0474158368895285,296802.0,,tushare_legacy_get_k_data,38.9942047121229,-0.3771447285622216,-0.12865388911492745,-0.4969816788945883,22.3405,23.980798448453744,20.700201551546254,9.343155287700103,14.260234376949109,-0.49100289079790826
000776.SZ,20251128,21.01,21.2,20.89,21.14,21.08,0.0600000000000022,0.2846299810246787,319893.0,,tushare_legacy_get_k_data,39.71542362619089,-0.4020695836724215,-0.18333702802642626,-0.4374651112919905,22.269,23.985926323404637,20.55207367659536,9.737542121624648,12.752670291840955,3.707285781192031
000776.SZ,20251201,21.06,21.23,20.99,21.16,21.14,0.0199999999999995,0.0946073793755892,390043.0,,tushare_legacy_get_k_data,39.97018083283963,-0.4154201729049447,-0.22975365700212996,-0.3713330318056295,22.206,23.987397204443685,20.424602795556314,10.270372210637765,11.925237598106557,6.960641435700179
000776.SZ,20251202,21.15,21.15,20.77,20.9,21.16,-0.2600000000000015,-1.2287334593572852,418229.0,,tushare_legacy_get_k_data,37.73752532424656,-0.4418866439799416,-0.2721802543976923,-0.33941277916449863,22.139499999999998,24.009446255912124,20.269553744087872,8.526501370399323,10.792325522204145,3.9948530667896804
000776.SZ,20251203,21.25,21.25,20.75,20.86,20.9,-0.0399999999999991,-0.1913875598086083,370803.0,,tushare_legacy_get_k_data,37.39148268298999,-0.4607776211016059,-0.309899727738475,-0.3017557867262618,22.0715,24.021969430675544,20.121030569324457,8.441226477509312,10.0086258406392,5.30642775124954
000776.SZ,20251204,20.77,21.05,20.76,20.95,20.86,0.0899999999999998,0.4314477468839878,253747.0,,tushare_legacy_get_k_data,38.75234095146362,-0.46314773000203857,-0.3405493281911878,-0.2451968036217016,21.961499999999997,23.904397578360676,20.01860242163932,16.044150985006162,12.020467555428187,24.091517844162112
000776.SZ,20251205,20.89,21.6,20.83,21.29,20.95,0.3399999999999998,1.6229116945107394,630412.0,,tushare_legacy_get_k_data,43.72844533856523,-0.4326041089980812,-0.3589602843525665,-0.14728764929102944,21.8885,23.81706708465114,19.959932915348862,31.872571244906,18.63783545192079,58.342042830876416
000776.SZ,20251208,21.69,22.18,21.6,21.71,21.29,0.4200000000000017,1.972757162987326,887818.0,,tushare_legacy_get_k_data,49.21717569126874,-0.3702396867414386,-0.3612161648303409,-0.018047043822195352,21.794,23.555867191362562,20.03213280863744,43.626003207559734,26.967224703800436,76.94356021507832
000776.SZ,20251209,21.56,21.66,21.05,21.16,21.71,-0.5500000000000007,-2.533394748963614,585379.0,,tushare_legacy_get_k_data,43.26569837861782,-0.3610340603381843,-0.3611797439319096,0.0002913671874505974,21.695,23.363238592048454,20.026761407951547,38.64111169548272,30.85852036769453,54.2062943510591
000776.SZ,20251210,21.05,21.14,20.81,21.01,21.16,-0.1499999999999985,-0.7088846880907305,427247.0,,tushare_legacy_get_k_data,41.781785703928655,-0.361673138679361,-0.3612784228813999,-0.0007894315959222631,21.593,23.164000954805505,20.021999045194494,31.82134719092791,31.179462642105655,33.10511628857242
000776.SZ,20251211,21.02,21.05,20.61,20.61,21.01,-0.4000000000000021,-1.9038553069966784,357765.0,,tushare_legacy_get_k_data,38.035450713597974,-0.3899610417822288,-0.3670149466615657,-0.04589219024132618,21.45,22.81926257525714,20.080737424742857,21.214231460618606,27.8577189149433,7.927256551969215
000776.SZ,20251212,20.62,21.03,20.58,20.95,20.61,0.3399999999999998,1.649684619116933,455381.0,,tushare_legacy_get_k_data,42.73556282247338,-0.38055742122997316,-0.3697234415752472,-0.021667959309451867,21.355,22.57842960565773,20.131570394342273,21.851154307079085,25.855530712321897,13.84240149659346
000776.SZ,20251215,20.78,21.68,20.72,21.34,20.95,0.3900000000000005,1.861575178997616,643514.0,,tushare_legacy_get_k_data,47.641505255053346,-0.33774196443000193,-0.36332714614619815,0.05117036343239245,21.3005,22.420240594959306,20.180759405040693,30.400769538052742,27.37061032089884,36.461087972360545
000776.SZ,20251216,21.2,21.47,21.18,21.18,21.34,-0.1600000000000001,-0.7497656982193072,357930.0,,tushare_legacy_get_k_data,45.90399262067733,-0.3131117123567506,-0.35328405938830865,0.08034469406311606,21.226499999999998,22.156645687513425,20.29635431248657,32.76717969203518,29.169466777944287,39.96260552021697
000776.SZ,20251217,21.21,22.35,21.17,21.83,21.18,0.6499999999999986,3.0689329556185014,990936.0,,tushare_legacy_get_k_data,53.347763876076996,-0.23839442982236037,-0.330306133475119,0.18382340730551727,21.18,21.85752490729111,20.502475092708888,45.3852761035413,34.57473655314329,67.00635520433734
000776.SZ,20251218,21.73,21.89,21.47,21.62,21.83,-0.2099999999999973,-0.9619789280806108,496575.0,,tushare_legacy_get_k_data,50.91037554087309,-0.19389063946268337,-0.3030230346726319,0.2182647904198971,21.156,21.72711820142579,20.58488179857421,49.842538117991765,39.664003741426114,70.19960687112308
000776.SZ,20251219,21.61,21.86,21.47,21.65,21.62,0.0299999999999975,0.1387604070305161,446908.0,,tushare_legacy_get_k_data,51.25301933672343,-0.15442025511293167,-0.27330247876069186,0.23776444729552038,21.183500000000002,21.79286934612748,20.574130653872526,53.37901787903779,44.235675120630006,71.66570339585334
000776.SZ,20251222,21.6,21.76,21.56,21.6,21.65,-0.0499999999999971,-0.2309468822170769,299846.0,,tushare_legacy_get_k_data,50.618859185213275,-0.12572499381198554,-0.2437869817709506,0.2361239759179301,21.2055,21.841093423502656,20.569906576497345,54.79505146738116,47.75546723621372,68.87421992971605
000776.SZ,20251223,21.61,22.26,21.48,21.91,21.6,0.3099999999999987,1.4351851851851791,714685.0,,tushare_legacy_get_k_data,54.38713929218147,-0.07708084329059162,-0.2104457540748788,0.2667298215685744,21.252,21.94800574710258,20.555994252897417,61.577115290871795,52.36268325443308,80.00597936374922
000776.SZ,20251224,21.88,22.13,21.82,22.1,21.91,0.1900000000000012,0.8671839342765919,425565.0,,tushare_legacy_get_k_data,56.57441882295375,-0.022934220024080076,-0.17294344726471908,0.300018454481278,21.302500000000002,22.085312238023796,20.519687761976208,69.67664559881096,58.134004035892374,92.76192872464813
000776.SZ,20251225,22.03,22.2,21.98,22.0,22.1,-0.1000000000000014,-0.4524886877828118,349671.0,,tushare_legacy_get_k_data,55.077419363072124,0.011772498717764535,-0.13600025806822236,0.2955455135719738,21.3485,22.180203673191254,20.51679632680875,72.62696618652835,62.964991419437695,91.95091572070965
000776.SZ,20251226,22.0,22.56,21.95,22.2,22.0,0.1999999999999993,0.909090909090906,633532.0,,tushare_legacy_get_k_data,57.49961430441316,0.054784628800771173,-0.09784328069442366,0.30525581899038967,21.401500000000002,22.305275967814936,20.49772403218507,73.11821726583904,66.3494000349048,86.6558517277075
000776.SZ,20251229,22.15,22.23,21.91,21.94,22.2,-0.259999999999998,-1.1711711711711623,383837.0,,tushare_legacy_get_k_data,53.46379067052241,0.06711852412163921,-0.06485091973121108,0.2639388877057006,21.4405,22.366274810631516,20.514725189368484,67.21070599497185,66.63650202159381,68.35911394172791
000776.SZ,20251230,21.89,22.2,21.85,21.96,21.94,0.0199999999999995,0.0911577028258868,395812.0,,tushare_legacy_get_k_data,53.7328089017146,0.07761239055113123,-0.03635825767474263,0.2279412964517477,21.4935,22.410762775871678,20.576237224128324,59.791846810103614,64.35495028443042,50.66563986145002
000776.SZ,20251231,21.92,22.48,21.92,22.02,21.96,0.0599999999999987,0.2732240437158411,464152.0,,tushare_legacy_get_k_data,54.58107765964578,0.08973593387279877,-0.01113941936523435,0.20175070647606624,21.5515,22.44765344668188,20.65534655331812,56.68080307217919,61.79690121368,46.448606789177575
000776.SZ,20260105,22.08,23.06,22.08,22.87,22.02,0.8500000000000014,3.860127157129888,975154.0,,tushare_legacy_get_k_data,64.50850987610416,0.1660180725564686,0.024292079019106242,0.28345198707472474,21.6475,22.66806601942246,20.62693398057754,67.11209656288743,63.568632996749145,74.19902369516402
000776.SZ,20260106,22.73,24.1,22.73,23.78,22.87,0.91,3.979011805859205,1121459.0,,tushare_legacy_get_k_data,71.65225264944756,0.29648392967265735,0.07873044914981646,0.43550696104568176,21.772,23.137102193976627,20.40689780602337,74.00348422258652,67.04691673869493,87.91661919036972
000776.SZ,20260107,23.79,23.8,22.95,23.16,23.78,-0.620000000000001,-2.607232968881417,848717.0,,tushare_legacy_get_k_data,62.43198184657796,0.3458633455936315,0.1321570284385795,0.42741263431010407,21.844500000000004,23.336820005896797,20.35217999410321,68.9262994232448,67.67337763354489,71.43214300264461
000776.SZ,20260108,22.88,22.88,22.11,22.26,23.16,-0.8999999999999986,-3.8860103626942943,1295057.0,,tushare_legacy_get_k_data,51.97625325740696,0.30881458774717174,0.16748854030029794,0.2826520948937476,21.8995,23.367743508413984,20.431256491586016,52.02494035623727,62.45723187444234,31.160357319827142
000776.SZ,20260109,22.23,22.44,22.1,22.31,22.26,0.0499999999999971,0.2246181491464382,747853.0,,tushare_legacy_get_k_data,52.4526683459166,0.2802571325939951,0.19004225875903738,0.18042974766991543,21.9645,23.383760018460254,20.545239981539748,41.49810838563962,55.47085737817477,13.552610400569307
000776.SZ,20260112,22.31,22.74,22.15,22.71,22.31,0.4000000000000021,1.792917974002699,979913.0,,tushare_legacy_get_k_data,56.196473307360634,0.2865980764757623,0.20935342230238238,0.15448930834675983,22.069499999999998,23.378858239749455,20.76014176025054,40.40614633116714,50.449287029172226,20.31986493515697
000776.SZ,20260113,22.75,23.48,22.63,22.86,22.71,0.1499999999999985,0.6605019815059382,970760.0,,tushare_legacy_get_k_data,57.5464221600265,0.30026578947172666,0.22753589573625124,0.14545978747095084,22.165,23.410897267032798,20.9191027329672,41.900393850407696,47.59965596958405,30.50186961205499
000776.SZ,20260114,22.83,23.32,22.42,22.49,22.86,-0.370000000000001,-1.618547681539812,1060952.0,,tushare_legacy_get_k_data,53.19182230341814,0.27803660974523936,0.23763603853804888,0.08080114241438097,22.222500000000004,23.41582937615723,21.029170623842777,36.64919223054698,43.94950138990502,22.048573911830886
000776.SZ,20260115,22.4,22.89,22.38,22.55,22.49,0.0600000000000022,0.2667852378835139,669078.0,,tushare_legacy_get_k_data,53.80232037855556,0.2622384021561679,0.24255651126167269,0.039363781788990415,22.291000000000004,23.390707233767152,21.191292766232856,32.18857039792243,40.02919105924416,16.507329075278975
000776.SZ,20260116,22.65,22.88,22.35,22.56,22.55,0.009999999999998,0.0443458980044257,557020.0,,tushare_legacy_get_k_data,53.910215219299154,0.24767013806608418,0.243579236622555,0.008181802887058331,22.327499999999997,23.411933031588298,21.243066968411696,29.125713598614908,36.394698572367744,14.587743651109236
000776.SZ,20260119,22.4,22.49,22.16,22.43,22.56,-0.129999999999999,-0.5762411347517686,498568.0,,tushare_legacy_get_k_data,52.20332071100807,0.2230634338579982,0.23947607606964366,-0.03282528442329091,22.368,23.403096130801284,21.332903869198713,25.88773063437069,32.89237592636872,11.878440050374635
000776.SZ,20260120,22.38,22.92,22.35,22.77,22.43,0.3399999999999998,1.5158270173874269,588823.0,,tushare_legacy_get_k_data,56.1167264757677,0.22836515068804175,0.23725389099332328,-0.017777480610563057,22.424,23.41803018062823,21.42996981937177,33.44206196880748,33.07560460718164,34.17497669205916
000776.SZ,20260121,22.66,22.86,22.47,22.57,22.77,-0.1999999999999993,-0.8783487044356578,504191.0,,tushare_legacy_get_k_data,53.34962982893585,0.21396204962111653,0.23259552271888195,-0.03726694619553084,22.4725,23.392910234623557,21.552089765376444,33.64736498403588,33.266191399466386,34.40971215317488
000776.SZ,20260122,22.56,22.9,22.49,22.59,22.57,0.0199999999999995,0.0886132033672998,445482.0,,tushare_legacy_get_k_data,53.59604739134145,0.2018346963678752,0.2264433574486806,-0.04921732216161079,22.5065,23.390813858310377,21.62218614168962,33.459145578329704,33.33050945908749,33.71641781681414
000776.SZ,20260123,22.7,22.74,22.25,22.31,22.59,-0.2800000000000011,-1.239486498450647,580612.0,,tushare_legacy_get_k_data,49.642533917933285,0.1676969159402013,0.21469406914698475,-0.09399430641356687,22.517,23.38662290678189,21.647377093218108,26.09397584009855,30.918331586091174,16.445264348113305
000776.SZ,20260126,22.22,22.95,22.19,22.71,22.31,0.4000000000000021,1.792917974002699,901796.0,,tushare_legacy_get_k_data,54.774889532080735,0.17094854761720413,0.20594496484102862,-0.06999283444764898,22.5525,23.39225889396885,21.712741106031146,33.20058159454848,31.67908158891028,36.243581605824886
000776.SZ,20260127,22.66,22.83,22.32,22.51,22.71,-0.1999999999999993,-0.8806693086745896,521677.0,,tushare_legacy_get_k_data,51.92527345963413,0.1555935747417294,0.1958746868211688,-0.08056222415887876,22.568,23.392465887711428,21.743534112288575,36.90165355248387,33.41993891010148,43.86508283724865
000776.SZ,20260128,22.5,22.92,22.47,22.57,22.51,0.0599999999999987,0.2665482007996389,670270.0,,tushare_legacy_get_k_data,52.719946966145294,0.14657650397328936,0.18601505025159293,-0.07887709255660713,22.5995,23.37209238929709,21.826907610702907,41.900680427394335,36.24685274919909,53.20833578378482
000776.SZ,20260129,22.51,23.03,22.22,22.91,22.57,0.3399999999999998,1.5064244572441288,978413.0,,tushare_legacy_get_k_data,57.05230302263226,0.16496396700116733,0.18180483360150781,-0.03368173320068096,22.647,23.371819977649473,21.922180022350524,56.669419135504235,43.054374877967476,83.89950765057776
000776.SZ,20260130,22.82,23.1,22.39,22.49,22.91,-0.4200000000000017,-1.833260584897432,665366.0,,tushare_legacy_get_k_data,50.8533186219458,0.14398589425091757,0.17424104573138977,-0.060510302960944395,22.670499999999997,23.340917034389626,22.000082965610368,48.76862374601371,44.95912450064955,56.38762223674203
000776.SZ,20260202,22.35,22.66,21.66,21.72,22.49,-0.7699999999999996,-3.4237438861716303,855141.0,,tushare_legacy_get_k_data,41.87102795738733,0.06448471595085081,0.152289779775282,-0.17561012764886236,22.613,23.39336145471172,21.83263854528828,33.90130471956466,41.27318457362125,19.15754501145149
000776.SZ,20260203,21.8,21.86,21.1,21.43,21.72,-0.2899999999999991,-1.3351749539594804,741527.0,,tushare_legacy_get_k_data,39.071890739014925,-0.021671303696788158,0.11749756308086796,-0.2783377335553122,22.4955,23.244672209842165,21.746327790157835,28.10086981304308,36.88241298676186,10.537783465605528
000776.SZ,20260204,21.3,21.68,21.22,21.62,21.43,0.1900000000000012,0.8866075594960396,386302.0,,tushare_legacy_get_k_data,41.81631998174293,-0.07376879711078743,0.07924429104253689,-0.30602617630664863,22.4185,23.194728703411435,21.642271296588568,27.40057987536204,33.721801949628585,14.758135726828954
000776.SZ,20260205,21.62,21.73,21.28,21.47,21.62,-0.1500000000000021,-0.6938020351526463,336966.0,,tushare_legacy_get_k_data,40.273976197489226,-0.12571106349371064,0.03825322013528738,-0.327928567257996,22.378999999999998,23.257177658563343,21.500822341436653,24.433719916907986,30.625774605388386,12.049610539947182
000776.SZ,20260206,21.36,21.5,21.25,21.29,21.47,-0.1799999999999997,-0.8383791336748939,281521.0,,tushare_legacy_get_k_data,38.44164784155781,-0.1793329409903741,-0.005264012089844917,-0.3481378578010584,22.328,23.326510891277508,21.32948910872249,19.455813277938617,26.902454162905126,4.562531508005598
000776.SZ,20260209,21.41,21.9,21.4,21.71,21.29,0.4200000000000017,1.972757162987326,432863.0,,tushare_legacy_get_k_data,44.757260275552554,-0.1857964297300363,-0.041370495617883196,-0.2888518682243062,22.278,23.29496804276231,21.261031957237687,23.137208851959066,25.647372392589773,18.11688177069766
000776.SZ,20260210,21.75,21.76,21.55,21.62,21.71,-0.0899999999999998,-0.4145555043758629,188230.0,,tushare_legacy_get_k_data,43.722100457732004,-0.19592256558327747,-0.07228090961096205,-0.24728331194463085,22.216,23.234673647445447,21.197326352554555,24.0914725679727,25.128739117717416,22.016939468483272
000776.SZ,20260211,21.64,21.65,21.4,21.5,21.62,-0.120000000000001,-0.5550416281221138,252795.0,,tushare_legacy_get_k_data,42.31676566730952,-0.21119606158700321,-0.10006394000617029,-0.22226424316166585,22.1665,23.22263020030667,21.110369799693327,22.727648378648443,24.328375538027757,19.526194059889818
000776.SZ,20260212,21.48,21.49,21.1,21.13,21.5,-0.370000000000001,-1.7209302325581444,488927.0,,tushare_legacy_get_k_data,38.235874872895806,-0.250271352625969,-0.13010542253013005,-0.2403318601916779,22.095499999999998,23.227179725010483,20.963820274989512,15.792791226791218,21.483180767615575,4.412012145142505
000776.SZ,20260213,21.19,21.32,21.1,21.13,21.13,0.0,0.0,318448.0,,tushare_legacy_get_k_data,38.235874872895806,-0.2780338017006443,-0.1596910983642329,-0.23668540667282278,22.024,23.2087092470306,20.8392907529694,11.778527484527382,18.24829633991951,-1.1610102262568702
000776.SZ,20260224,21.11,21.23,20.93,20.99,21.13,-0.1400000000000005,-0.6625650733554216,353212.0,,tushare_legacy_get_k_data,36.68345766158246,-0.307784623036067,-0.18930980329859973,-0.23694963947493458,21.952,23.202465513318867,20.701534486681137,9.914207326454639,15.470266668764552,-1.197911358165186
000776.SZ,20260225,21.0,21.23,20.88,20.91,20.99,-0.0799999999999983,-0.381133873272979,543490.0,,tushare_legacy_get_k_data,35.78925348964157,-0.3339679204010153,-0.21824142671908286,-0.23145298736386488,21.858999999999998,23.128801559299646,20.58919844070035,7.589863707832541,12.843465681787215,-2.9173402400768076
000776.SZ,20260226,20.9,20.99,20.75,20.81,20.91,-0.1000000000000014,-0.478240076518419,294128.0,,tushare_legacy_get_k_data,34.6521720110007,-0.3586532055684124,-0.2463237824889488,-0.22465884615892723,21.770999999999997,23.07499233126572,20.467007668734276,6.799039573337601,10.828656978970676,-1.2601952379285493
000776.SZ,20260227,20.8,21.01,20.76,20.84,20.81,0.0300000000000011,0.1441614608361419,356003.0,,tushare_legacy_get_k_data,35.31613042169539,-0.37151315029422705,-0.27136165605000445,-0.2003029884884452,21.683500000000002,22.990776175870966,20.37622382412904,7.141388701065646,9.599567553002332,2.225030997192274
000776.SZ,20260302,20.64,20.75,20.22,20.67,20.84,-0.1699999999999981,-0.815738963531661,512867.0,,tushare_legacy_get_k_data,33.25422428538157,-0.39091609103047276,-0.2952725430460981,-0.19128709596874927,21.6015,22.9464947955289,20.256505204471104,14.501185540970214,11.233440215658293,21.036676191594058
000776.SZ,20260303,20.67,21.01,20.4,20.53,20.67,-0.1400000000000005,-0.6773101112723781,536006.0,,tushare_legacy_get_k_data,31.617100148092646,-0.41283103216536077,-0.31878424086995066,-0.1880935825908202,21.4925,22.81361884401057,20.17138115598943,16.893564253420756,13.12014822824578,24.440396303770708
000776.SZ,20260304,20.42,20.45,19.9,19.97,20.53,-0.5600000000000023,-2.7277155382367377,522930.0,,tushare_legacy_get_k_data,26.085207322096835,-0.46996859536602287,-0.3490211117691651,-0.2418949671937155,21.3655,22.757397625545725,19.973602374454277,12.729881410037324,12.99005928884296,12.209525652426052
000776.SZ,20260305,20.2,20.23,19.87,19.92,19.97,-0.0499999999999971,-0.2503755633450033,348624.0,,tushare_legacy_get_k_data,25.653621600866117,-0.5133673289806069,-0.3818903552114535,-0.2629539475383068,21.232999999999997,22.64540362503068,19.820596374969313,9.636012894047887,11.87204382391127,5.163951034321123
000776.SZ,20260306,19.8,20.19,19.77,20.07,19.92,0.1499999999999985,0.7530120481927639,270062.0,,tushare_legacy_get_k_data,29.426067587803217,-0.5295530339039338,-0.41142289094994955,-0.23626028590796855,21.091,22.364685989559366,19.817314010440636,13.273323664525087,12.339137104115874,15.141696785343512
000776.SZ,20260309,19.8,19.8,19.25,19.39,20.07,-0.6799999999999997,-3.3881415047334316,549278.0,,tushare_legacy_get_k_data,23.583822769068178,-0.5904443635856964,-0.44722718547709894,-0.28643435621719493,20.936,22.244975171651404,19.627024828348596,11.20578479991909,11.961353002716946,9.694648394323384
000776.SZ,20260310,19.57,19.68,19.37,19.52,19.39,0.129999999999999,0.6704486848891129,367021.0,,tushare_legacy_get_k_data,26.58473316823448,-0.6210521647484946,-0.4819921813313781,-0.2781199668342329,20.826,22.219949783887436,19.432050216112565,12.58415956358241,12.1689551896721,13.41456831140303
000776.SZ,20260311,19.47,19.67,19.39,19.53,19.52,0.0100000000000015,0.0512295081967293,299483.0,,tushare_legacy_get_k_data,26.822792321766556,-0.6371573974002729,-0.5130252245451571,-0.2482643457102316,20.731,22.20407705161673,19.257922948383275,13.69247001208526,12.676793463809819,15.72382310863614
000776.SZ,20260312,19.5,19.59,19.36,19.49,19.53,-0.0400000000000027,-0.2048131080389283,272629.0,,tushare_legacy_get_k_data,26.453285217556186,-0.6457052873992453,-0.5395612371159747,-0.21228810056654113,20.624499999999998,22.132657485145312,19.116342514854683,13.673767886844683,13.009118271488106,15.003067117557833
000776.SZ,20260313,19.44,19.55,19.29,19.32,19.49,-0.1699999999999981,-0.872242175474593,289737.0,,tushare_legacy_get_k_data,24.88430341322821,-0.6586051409608409,-0.563370017884948,-0.19047024615178576,20.517,22.07446075391961,18.95953924608039,10.441602833654034,12.15327979221008,7.018248916541943
000776.SZ,20260316,19.32,19.35,18.96,19.07,19.32,-0.25,-1.2939958592132503,390596.0,,tushare_legacy_get_k_data,22.74757570285155,-0.681149412087894,-0.5869258967255372,-0.1884470307247137,20.406,22.041743256137664,18.770256743862333,9.42191866762617,11.242826084015443,5.780103834847623
000776.SZ,20260317,19.11,20.08,19.11,19.53,19.07,0.4600000000000008,2.4121657052962813,909683.0,,tushare_legacy_get_k_data,33.98062376978376,-0.6543547594143568,-0.6004116692633011,-0.10788618030211139,20.297,21.859537679545635,18.734462320454366,21.241909033010632,14.575853733680505,34.57401963167089
000776.SZ,20260318,19.52,19.54,19.26,19.47,19.53,-0.0600000000000022,-0.3072196620583833,390468.0,,tushare_legacy_get_k_data,33.3004594777924,-0.630691088408998,-0.6064675530924406,-0.04844707063311482,20.189500000000002,21.666665867463728,18.712334132536277,27.98241090005581,19.044706122472274,45.857820455222885
000776.SZ,20260319,19.29,19.33,19.03,19.11,19.47,-0.3599999999999994,-1.848998459167948,365401.0,,tushare_legacy_get_k_data,29.486767754542427,-0.6336817611152412,-0.6119103946970007,-0.043542732836481024,20.07,21.489323782651393,18.650676217348607,23.119226314322887,20.40287951975581,28.55191990345704
000776.SZ,20260320,19.2,19.33,19.06,19.06,19.11,-0.0500000000000007,-0.2616431187859797,330911.0,,tushare_legacy_get_k_data,28.990177244401835,-0.6327920401743725,-0.6160867237924751,-0.033410632763794856,19.9665,21.363257316071714,18.569742683928286,18.389008019072342,19.731589019527988,15.703846018161052
000776.SZ,20260323,18.7,18.76,18.11,18.26,19.06,-0.7999999999999972,-4.1972717733473095,561612.0,,tushare_legacy_get_k_data,22.46977211198424,-0.688701323879684,-0.6306096438099169,-0.11618336013953412,19.823,21.299564932537635,18.346435067462366,14.797409745371446,18.08686259480914,8.218504046496058
000776.SZ,20260324,18.5,18.67,18.22,18.36,18.26,0.0999999999999978,0.5476451259583672,403232.0,,tushare_legacy_get_k_data,24.74820005689986,-0.7166792376216833,-0.6478235625722703,-0.13771135009882607,19.691499999999998,21.197079954701795,18.1859200452982,14.095058273564046,16.75626115439411,8.772652511903914
000776.SZ,20260325,18.4,18.77,18.35,18.65,18.36,0.2899999999999991,1.5795206971677516,348904.0,,tushare_legacy_get_k_data,31.07419401255116,-0.7072980676175895,-0.6597184635813341,-0.09515920807251077,19.578500000000002,21.039900355823097,18.117099644176907,18.53376135327281,17.34876122068701,20.903761618444406
000776.SZ,20260326,18.6,18.61,18.03,18.12,18.65,-0.5299999999999976,-2.8418230563002553,408747.0,,tushare_legacy_get_k_data,26.66276216499901,-0.7341669735389651,-0.6746081655728604,-0.11911761593220938,19.444,20.922328786163575,17.965671213836423,13.819255536328212,16.172259325900743,9.113247957183148
000776.SZ,20260327,18.0,18.35,17.96,18.29,18.12,0.1699999999999981,0.9381898454746034,271846.0,,tushare_legacy_get_k_data,30.090996859700113,-0.7332902818985758,-0.6863445888380035,-0.09389138612114456,19.316499999999998,20.729656396157154,17.903343603842842,14.401516269501805,15.58201164043443,12.040525527636554
000776.SZ,20260330,18.01,18.24,18.0,18.18,18.29,-0.1099999999999994,-0.6014215418261314,253510.0,,tushare_legacy_get_k_data,29.141726919928672,-0.7330217595945818,-0.6956800229893192,-0.07468347321052526,19.192,20.543644923787262,17.840355076212738,14.242361057304981,15.135461446057946,12.45616027979905
000776.SZ,20260331,18.22,18.46,17.96,17.96,18.18,-0.2199999999999988,-1.2101210121012038,395443.0,,tushare_legacy_get_k_data,27.287625133388303,-0.7420077120960755,-0.7049455608106705,-0.07412430257081004,19.063499999999998,20.369796673807244,17.75720332619275,9.494907371536653,13.255276754550849,1.974168605508261
000776.SZ,20260401,18.31,18.58,18.17,18.43,17.96,0.4699999999999988,2.6169265033407507,412208.0,,tushare_legacy_get_k_data,36.572121195150956,-0.7030991824366062,-0.7045762851358577,0.002954205398502996,18.9865,20.250861894395694,17.722138105604305,17.765461362046327,14.758671623716008,23.77904083870697
000776.SZ,20260402,18.34,18.34,17.82,17.99,18.43,-0.4400000000000013,-2.38741182854043,454844.0,,tushare_legacy_get_k_data,32.401041572830536,-0.6997024804819034,-0.7036015242050668,0.007798087446326818,18.89,20.149237864741952,17.63076213525805,17.808553188732578,15.775298812054864,21.87506194208801
000776.SZ,20260403,17.99,18.09,17.83,17.84,17.99,-0.1499999999999985,-0.8337965536409038,232662.0,,tushare_legacy_get_k_data,31.09887577130752,-0.7010332412811309,-0.7030878676202796,0.004109252678297537,18.7785,19.994218306187694,17.56278169381231,12.574123178453283,14.708240267521003,8.30588900031784
000776.SZ,20260407,17.82,17.88,17.66,17.75,17.84,-0.0899999999999998,-0.5044843049327347,234795.0,,tushare_legacy_get_k_data,30.311732111239422,-0.7012663645137884,-0.7027235669989814,0.0029144049703859753,18.696499999999997,19.956599599238036,17.436400400761958,11.08545148833822,13.500644007793408,6.255066449427844
000776.SZ,20260408,18.21,18.63,18.16,18.61,17.75,0.8599999999999994,4.845070422535208,655628.0,,tushare_legacy_get_k_data,44.71226953750928,-0.6248533828355143,-0.687149530166288,0.12459229466154742,18.651,19.853262866431407,17.448737133568592,40.036349102191124,22.345879039259316,75.41728922805474
000776.SZ,20260409,18.4,18.43,18.1,18.14,18.61,-0.4699999999999988,-2.5255239118753297,389005.0,,tushare_legacy_get_k_data,39.864027490429855,-0.5953577033686557,-0.6687911648067616,0.14686692287621184,18.5815,19.732069858809044,17.430930141190952,43.18574476228552,29.292500946934716,70.97223239298712
000776.SZ,20260410,18.78,19.36,18.69,18.87,18.14,0.7300000000000004,4.0242557883131225,895050.0,,tushare_legacy_get_k_data,49.096443961329385,-0.5072302313832964,-0.6364789781220686,0.25849749347754436,18.5505,19.632876551852387,17.46812344814761,52.515986704268805,37.03366286604608,83.48063438071425
000776.SZ,20260413,18.67,19.53,18.6,19.37,18.87,0.5,2.649708532061473,827024.0,,tushare_legacy_get_k_data,54.27454919052133,-0.39251804984054317,-0.5876867924657635,0.39033748525044065,18.553,19.64268068717394,17.463319312826062,65.49194122530577,46.519755652465975,103.43631237098535
000776.SZ,20260414,19.5,19.89,19.39,19.63,19.37,0.259999999999998,1.3422818791946205,914836.0,,tushare_legacy_get_k_data,56.738931154669835,-0.2774299526222528,-0.5256354244970614,0.49641094374961714,18.580999999999996,19.748388538576535,17.413611461423457,73.10822987516646,55.38258039336613,108.55952883876712
000776.SZ,20260415,19.62,20.18,19.61,19.86,19.63,0.2300000000000004,1.1716760061130944,853765.0,,tushare_legacy_get_k_data,58.8516496122969,-0.1657520422361607,-0.45365874804488127,0.5758134116174412,18.5975,19.825813884965836,17.369186115034164,77.83934901730673,62.86816993467966,107.78170718256085
000776.SZ,20260416,19.85,20.13,19.77,19.88,19.86,0.0199999999999995,0.1007049345417904,543745.0,,tushare_legacy_get_k_data,59.03897731857212,-0.07477075014179846,-0.37788114846426474,0.6062207966449326,18.618,19.915607028340965,17.320392971659032,81.2579787099505,68.99810619310327,105.77772374364497
000776.SZ,20260417,19.84,20.24,19.76,20.11,19.88,0.2300000000000004,1.1569416498993983,633320.0,,tushare_legacy_get_k_data,61.225139389329,0.015710555631748946,-0.29916280764506203,0.629746726553622,18.668,20.106952396710838,17.22904760328916,85.82573257665952,74.60731498762202,108.26256775473453
000776.SZ,20260420,20.08,20.23,19.9,20.13,20.11,0.0199999999999995,0.0994530084535036,480721.0,,tushare_legacy_get_k_data,61.41797331562578,0.08801687148701731,-0.22172687181864617,0.6194874866113269,18.7215,20.288628265331166,17.154371734668832,88.8370927458104,79.35057424035148,107.8101297567282
000776.SZ,20260421,20.03,20.05,19.88,19.88,20.13,-0.25,-1.2419274714356685,347062.0,,tushare_legacy_get_k_data,57.56424821003217,0.12372105773844666,-0.1526372859072276,0.5527166872913485,18.802500000000002,20.432062824809123,17.17293717519088,86.95058519502624,81.88391122524305,97.0839331345926
000776.SZ,20260422,19.88,20.64,19.84,20.39,19.88,0.5100000000000016,2.5653923541247567,663947.0,,tushare_legacy_get_k_data,62.705250487587726,0.190968257134994,-0.0839161772987833,0.5497688688675546,18.904,20.65874670536801,17.14925329463199,87.21542280975605,83.66108175341405,94.32410492244006
000776.SZ,20260423,20.31,20.59,20.12,20.32,20.39,-0.0700000000000002,-0.3433055419323211,546758.0,,tushare_legacy_get_k_data,61.6021269522179,0.23589448735012652,-0.019954044369001334,0.5116970634382557,18.9875,20.842049810600916,17.132950189399086,86.24819036990272,84.5234512922436,89.69766852522093
000776.SZ,20260424,20.15,20.28,19.61,19.86,20.32,-0.4600000000000008,-2.2637795275590595,576371.0,,tushare_legacy_get_k_data,54.78185834625872,0.23170968780528511,0.03037870206585596,0.4026619714788583,19.074499999999997,20.921340274631213,17.22765972536878,70.03212691326844,79.69300983258522,50.7103610746349
000776.SZ,20260427,19.95,20.38,19.83,19.9,19.86,0.0399999999999991,0.2014098690835808,777049.0,,tushare_legacy_get_k_data,55.245866664353436,0.22898131565128566,0.07009922478294191,0.3177641817366875,19.155,20.99839360962327,17.31160639037673,56.07319787745401,71.8197391808748,24.580115270612424
000776.SZ,20260428,21.01,21.46,20.51,21.1,19.9,1.2000000000000028,6.03015075376886,1677400.0,,tushare_legacy_get_k_data,66.38886705591085,0.3199607241841811,0.12007152466318975,0.39977839904198265,19.301,21.27059792851229,17.331402071487705,64.22897876514953,69.28948570896638,54.107964877515855
000776.SZ,20260429,21.09,21.35,20.88,21.28,21.1,0.1799999999999997,0.8530805687203777,907455.0,,tushare_legacy_get_k_data,67.68844633404188,0.40195358586455043,0.1764479369034619,0.4510112979221771,19.467000000000002,21.51461422147824,17.419385778521765,72.90940926685646,70.49612689492974,77.73597401070987
000776.SZ,20260430,21.25,21.73,21.13,21.23,21.28,-0.0500000000000007,-0.2349624060150409,691752.0,,tushare_legacy_get_k_data,66.91448027128352,0.4576237357752113,0.23268309667781178,0.44988127819479906,19.607,21.733237051694832,17.480762948305166,74.07797095777852,71.69007491587934,78.85376304157688
000776.SZ,20260506,21.12,21.49,21.08,21.18,21.23,-0.0500000000000007,-0.2355157795572336,824306.0,,tushare_legacy_get_k_data,66.10053161995015,0.4920362607960982,0.28455372950146907,0.41496506258925825,19.7665,21.861983476432098,17.671016523567904,74.0708485630473,72.48366613160199,77.24521342593792
000776.SZ,20260507,21.3,21.38,20.82,21.17,21.18,-0.009999999999998,-0.0472143531633522,630771.0,,tushare_legacy_get_k_data,65.92780463508885,0.5125926691652154,0.33016151743421834,0.3648623034619941,19.933,21.915887793093688,17.95011220690631,73.90886759549068,72.95873328623155,75.80913621400893
000776.SZ,20260508,21.04,21.17,20.85,20.96,21.17,-0.2100000000000008,-0.9919697685403912,453346.0,,tushare_legacy_get_k_data,62.24912099443674,0.5061044686662015,0.365350107680615,0.28150872197117305,20.0935,21.85038673510843,18.336613264891568,70.49899349133341,72.1388200212655,67.21934043146922
000776.SZ,20260511,20.41,21.16,20.1,21.03,20.96,0.0700000000000002,0.3339694656488563,1093994.0,,tushare_legacy_get_k_data,62.99043337801202,0.5008375939884395,0.3924476049421799,0.21677997809251925,20.2145,21.87682938974199,18.552170610258013,69.32637301937952,71.2013376873035,65.57644368353155
000776.SZ,20260512,20.96,21.19,20.85,21.03,21.03,0.0,0.0,543846.0,,tushare_legacy_get_k_data,62.99043337801202,0.4910035742951706,0.41215879881277806,0.1576895509647851,20.358999999999998,21.756181448488338,18.96181855151166,67.27021359186708,69.8909629888247,62.028714797951835
000776.SZ,20260513,20.98,21.05,20.61,20.85,21.03,-0.1799999999999997,-0.8559201141226805,439636.0,,tushare_legacy_get_k_data,59.50564669911467,0.46334440132414656,0.42239591931505177,0.08189696401818958,20.458000000000002,21.689951297738663,19.22604870226134,60.18423237412816,66.65538611725918,47.241924887866105
000776.SZ,20260514,20.85,20.94,20.31,20.35,20.85,-0.5,-2.3980815347721824,411711.0,,tushare_legacy_get_k_data,51.05613320089696,0.396507791146572,0.4172182936813558,-0.041421005069567696,20.507,21.635576094022895,19.378423905977108,45.23529602037992,59.51535608496609,16.675175891207587
000776.SZ,20260515,20.4,20.45,19.76,19.94,20.35,-0.4100000000000001,-2.014742014742015,422708.0,,tushare_legacy_get_k_data,45.36739551858782,0.30691776560976436,0.39515818806703756,-0.1764808449145464,20.5225,21.610247672946247,19.434752327053754,33.20254929277443,50.744420487568874,-1.8811930968144566
000776.SZ,20260518,19.7,19.92,19.53,19.67,19.94,-0.2699999999999996,-1.354062186559677,375990.0,,tushare_legacy_get_k_data,42.045031169832306,0.21169005026770904,0.3584645605071719,-0.2935490204789257,20.512999999999998,21.626734259148012,19.399265740851984,24.51598524280201,42.00160873931325,-10.455261750220458
000776.SZ,20260519,19.64,19.73,19.0,19.51,19.67,-0.1600000000000001,-0.8134214539908498,698645.0,,tushare_legacy_get_k_data,40.16778099895412,0.12190548639268073,0.3111527456842737,-0.37849451858318595,20.494500000000002,21.66073282409645,19.328267175903555,23.486847304725174,35.83002159445056,-1.1995012747255913
000776.SZ,20260520,19.56,19.63,19.21,19.43,19.51,-0.0800000000000018,-0.4100461301896558,315173.0,,tushare_legacy_get_k_data,39.22475768269579,0.04379045217272548,0.25768028698196405,-0.42777966961847713,20.460500000000003,21.70650922950032,19.214490770499687,22.20279926859912,31.287614152500076,4.0331695007972
000776.SZ,20260521,19.6,20.3,19.32,19.32,19.43,-0.1099999999999994,-0.5661348430262452,847655.0,,tushare_legacy_get_k_data,37.90695358014134,-0.02668475073091514,0.20080727943938823,-0.45498406034060673,20.42,21.755769441183613,19.08423055881639,19.67249022777232,27.415906177590823,4.185658328135318
000776.SZ,20260522,19.65,19.66,18.91,19.05,19.32,-0.2699999999999996,-1.3975155279503084,530072.0,,tushare_legacy_get_k_data,34.81513219433633,-0.10313472735649398,0.1400188780802118,-0.48630721087341156,20.378500000000003,21.825721821283793,18.931278178716212,15.161777110912547,23.331196488698062,-1.1770616446584796
000776.SZ,20260525,19.15,19.23,18.82,19.0,19.05,-0.0500000000000007,-0.2624671916010536,417385.0,,tushare_legacy_get_k_data,34.257886144463995,-0.16584471215024976,0.07884616003411948,-0.4893817443687385,20.309000000000005,21.875893742408845,18.742106257591164,12.798434366916283,19.82027578143747,-1.2452484621260922
000776.SZ,20260526,18.86,19.63,18.81,19.15,19.0,0.1499999999999985,0.7894736842105189,789560.0,,tushare_legacy_get_k_data,37.49033781298528,-0.20112068642285053,0.02285279074272548,-0.447946954331152,20.2505,21.89673783214941,18.60426216785059,13.853103349462176,17.831218304112372,5.896873440161784
000776.SZ,20260527,19.0,19.39,18.6,18.87,19.15,-0.2799999999999976,-1.4621409921670891,578685.0,,tushare_legacy_get_k_data,34.11805424124597,-0.2488027667056798,-0.03147832074695558,-0.43464889191744843,20.201,21.947698600216988,18.454301399783013,14.100267097839644,16.587567902021462,9.125665489476006
000776.SZ,20260528,18.88,18.93,18.38,18.55,18.87,-0.3200000000000003,-1.6958134605193445,468688.0,,tushare_legacy_get_k_data,30.717376460939292,-0.3088522282753523,-0.08695310225263493,-0.44379825204543477,20.1335,22.020235540556754,18.24676445944325,12.351566954115345,15.175567586052757,6.703565690240524
000776.SZ,20260529,18.59,19.26,18.54,18.89,18.55,0.3399999999999998,1.8328840970350395,875927.0,,tushare_legacy_get_k_data,37.81012458198737,-0.3252573365903366,-0.13461394912017527,-0.3812867749403227,20.023000000000003,21.929138504936095,18.11686149506391,17.088544636076914,15.813226602727475,19.63918070277579
000776.SZ,20260601,18.9,19.38,18.68,19.0,18.89,0.1099999999999994,0.5823186871360477,769428.0,,tushare_legacy_get_k_data,39.951966688040336,-0.32562877659107414,-0.17281691461435505,-0.3056237239534382,19.909,21.773048282636477,18.04495171736352,22.156251979606843,17.927568395020597,30.61361914877933
000776.SZ,20260602,18.93,19.19,18.66,18.99,19.0,-0.0100000000000015,-0.0526315789473766,687816.0,,tushare_legacy_get_k_data,39.81770996511787,-0.32300664238548293,-0.20285486016858065,-0.24030356443380457,19.797000000000004,21.598222917908835,17.995777082091173,25.361112430848987,20.405416406963393,35.27250447862017
000776.SZ,20260603,18.99,19.43,18.76,19.28,18.99,0.2900000000000027,1.527119536598224,821458.0,,tushare_legacy_get_k_data,45.53390215896494,-0.2941373732228634,-0.22111136277943721,-0.14605202088685232,19.702,21.398827628252207,18.005172371747797,40.344908287232684,27.051913700386493,66.93089746092507
000776.SZ,20260604,19.21,19.54,18.93,19.15,19.28,-0.1300000000000025,-0.6742738589211751,564761.0,,tushare_legacy_get_k_data,43.537572049009505,-0.27853737746043805,-0.2325965657156374,-0.09188162348960133,19.601000000000003,21.17210025141619,18.029899748583816,47.42993885815511,33.84458875297603,74.60063906851327
000776.SZ,20260605,19.17,19.59,18.75,18.81,19.15,-0.3399999999999998,-1.7754569190600515,789893.0,,tushare_legacy_get_k_data,38.752215795169306,-0.2902634505530024,-0.24412994268311042,-0.09226701573978396,19.4935,20.96926793568637,18.01773206431363,43.08662590543673,36.92526780379626,55.40934210871768
000776.SZ,20260608,18.5,19.05,18.5,18.65,18.81,-0.1600000000000001,-0.8506113769271672,682673.0,,tushare_legacy_get_k_data,36.707510375476915,-0.3089062320294822,-0.25708520055238476,-0.10364206295419487,19.3745,20.71292407330413,18.036075926695872,36.16243379921676,36.67098980226976,35.14532179311075
000776.SZ,20260609,18.78,18.84,18.47,18.67,18.65,0.0200000000000031,0.10723860589814,375698.0,,tushare_legacy_get_k_data,37.15389300389486,-0.3183966593169849,-0.2693474923053048,-0.09809833402336021,19.256500000000003,20.390876921485987,18.12212307851402,32.09726991573135,35.14641650675696,25.998976733680152
000776.SZ,20260610,18.57,19.17,18.51,19.06,18.67,0.389999999999997,2.0889126941617406,720209.0,,tushare_legacy_get_k_data,45.261087071734956,-0.29109261620244453,-0.27369651708473275,-0.034792198235423566,19.167,20.03570248071479,18.298297519285214,38.95770375334469,36.41684558895287,44.03942008212833
000776.SZ,20260611,19.0,19.56,18.81,19.15,19.06,0.0899999999999998,0.4721930745015732,692817.0,,tushare_legacy_get_k_data,46.9614681685738,-0.25920377768019875,-0.270797969203826,0.023188383047254457,19.107,19.785530765698965,18.428469234301033,46.209897740325005,39.68119630607691,59.26730060882119
000776.SZ,20260612,19.15,20.27,19.09,20.08,19.15,0.9299999999999996,4.85639686684073,1253574.0,,tushare_legacy_get_k_data,60.586096671522405,-0.1570777215424819,-0.24805391967155718,0.18195239625815057,19.113999999999997,19.828685945013625,18.39931405498637,60.621413308364794,46.66126864017287,88.54170264474864
000776.SZ,20260615,20.1,21.5,20.1,20.83,20.08,0.75,3.735059760956175,1365126.0,,tushare_legacy_get_k_data,67.77535806266556,-0.015445310362874665,-0.20153219780982068,0.37217377489389203,19.172,20.18413833046675,18.15986166953325,66.37687179853582,53.23313635962718,92.66434267635307
000776.SZ,20260616,20.81,21.55,20.68,21.5,20.83,0.6700000000000017,3.2165146423427835,1159188.0,,tushare_legacy_get_k_data,72.58602285454205,0.14914356233183668,-0.13139704578148922,0.5610812162266519,19.271499999999996,20.701846461526017,17.841153538473975,77.04345565789833,61.1699094590509,108.7905480555932
000776.SZ,20260617,21.49,21.7,21.25,21.42,21.5,-0.0799999999999983,-0.372093023255806,711954.0,,tushare_legacy_get_k_data,71.21888584947163,0.2700135501999803,-0.05111492658519532,0.6422569535703513,19.371,21.081109937986447,17.66089006201355,81.80606022188064,68.04862637999415,109.32092790565363
000776.SZ,20260618,21.31,21.59,20.6,20.64,21.42,-0.7800000000000011,-3.6414565826330585,1040995.0,,tushare_legacy_get_k_data,59.45984024375035,0.29941295892630393,0.018990650517104527,0.5608446168183988,19.436999999999998,21.23383165599897,17.640168344001026,76.931594327487,71.00961569582509,88.77555159081084
000776.SZ,20260622,20.76,22.7,20.56,22.7,20.64,2.0599999999999987,9.980620155038752,1948458.0,,tushare_legacy_get_k_data,72.41427773748009,0.48336505455032963,0.11186553132374955,0.7429990464531602,19.6195,21.8987233326289,17.340276667371096,84.62106288499135,75.54676475888051,102.76965913721301
000776.SZ,20260623,23.5,24.12,23.15,23.32,22.7,0.620000000000001,2.731277533039652,2981827.0,,tushare_legacy_get_k_data,75.00324138796526,0.6714373225799761,0.2237798895749949,0.8953148660099625,19.8355,22.605016022701438,17.06598397729856,84.9939587385385,78.69582941876651,97.59021737808249
000776.SZ,20260624,23.17,23.67,22.42,22.66,23.32,-0.6600000000000001,-2.8301886792452833,1977817.0,,tushare_legacy_get_k_data,67.71741385016539,0.7584861100951699,0.3307211336790299,0.85552995283228,20.011,23.019088429551232,17.002911570448767,80.83087519166847,79.40751134306716,83.67760288887109
000776.SZ,20260625,22.55,23.62,22.25,23.14,22.66,0.4800000000000004,2.11827007943513,1898342.0,,tushare_legacy_get_k_data,69.99987748960321,0.8563336090304929,0.43584362874932253,0.8409799605623408,20.2245,23.474733683906436,16.974266316093562,80.72621633056227,79.8470796722322,82.4844896472224
000776.SZ,20260626,23.02,23.52,22.22,22.35,23.14,-0.7899999999999991,-3.4140017286084663,1271465.0,,tushare_legacy_get_k_data,62.204647712415955,0.8602160243327468,0.5207181078660074,0.6789958329334789,20.414499999999997,23.695106498804755,17.13389350119524,72.47419397161862,77.389451105361,62.64367970413386
000776.SZ,20260629,22.46,23.86,22.46,23.26,22.35,0.91,4.0715883668903805,1398661.0,,tushare_legacy_get_k_data,66.7921044357785,0.9260473636797251,0.6017839590287509,0.6485268093019483,20.633,24.057319494439735,17.208680505560263,73.59702819081691,76.12531013384631,68.54046430475813
000776.SZ,20260630,23.14,24.0,23.14,23.4,23.26,0.139999999999997,0.6018916595012769,1162439.0,,tushare_legacy_get_k_data,67.4467397055858,0.9782394687102105,0.6770750609650429,0.6023288154903352,20.853,24.392814119413618,17.313185880586385,75.65644576017006,75.96902200928756,75.03129326193505
000776.SZ,20260701,23.38,25.43,23.05,24.86,23.4,1.4600000000000009,6.239316239316244,1946514.0,,tushare_legacy_get_k_data,73.34747250467821,1.1244499274240063,0.7665500342568357,0.7157997863343413,21.146499999999996,24.98091925198588,17.31208074801411,79.86952646845013,77.26919016234174,85.0701990806669
000776.SZ,20260702,24.59,24.9,23.69,23.78,24.86,-1.0799999999999983,-4.344328238133541,1312368.0,,tushare_legacy_get_k_data,64.09251637691514,1.140034190776138,0.8412468655606962,0.5975746504308836,21.3715,25.269008306597947,17.473991693402056,75.28604981538018,76.60814338002122,72.64186268609811
000776.SZ,20260703,23.92,24.16,23.3,23.72,23.78,-0.0600000000000022,-0.2523128679562753,933001.0,,tushare_legacy_get_k_data,63.61229394061998,1.1344659162995896,0.8998906757084749,0.46915048118222935,21.6,25.485588758476634,17.71441124152337,65.76702386445906,72.99443687483384,51.3121978437095
